2026-05-20 03:57:02 INFO  [Test worker] com.phonebook.tests.mobile.TestBase - Initializing Appium driver...
2026-05-20 03:57:02 INFO  [Test worker] c.p.mobile.config.AppiumConfig - Connecting to Appium server at: http://127.0.0.1:4723
2026-05-20 03:57:16 INFO  [Test worker] com.phonebook.tests.mobile.TestBase - Driver created. Waiting 2 seconds for SplashActivity to stabilize...
2026-05-20 03:57:19 INFO  [Test worker] c.p.mobile.screens.BaseScreen - Initialized BaseScreen with Appium driver
2026-05-20 03:57:20 INFO  [Test worker] c.p.mobile.screens.BaseScreen - Initialized BaseScreen with Appium driver
2026-05-20 03:57:20 INFO  [Test worker] c.p.mobile.screens.BaseScreen - Initialized BaseScreen with Appium driver
2026-05-20 03:57:20 INFO  [Test worker] c.p.m.s.LoginRegistrationScreen - Clicking 'Login' button
2026-05-20 03:57:22 INFO  [Test worker] c.p.mobile.screens.BaseScreen - Initialized BaseScreen with Appium driver
2026-05-20 03:57:22 INFO  [Test worker] c.p.mobile.screens.ErrorScreen - Validating error message text: 'Login or Password incorrect'
2026-05-20 03:57:22 DEBUG [Test worker] c.p.mobile.screens.BaseScreen - Waiting for text 'Login or Password incorrect' to appear in element Located by By.chained({AppiumBy.id: android:id/message})
2026-05-20 03:57:24 WARN  [Test worker] c.phonebook.tests.mobile.LoginTests - Validation failed for empty fields
2026-05-20 03:57:24 INFO  [Test worker] com.phonebook.tests.mobile.TestBase - Initializing Appium driver...
2026-05-20 03:57:24 INFO  [Test worker] c.p.mobile.config.AppiumConfig - Connecting to Appium server at: http://127.0.0.1:4723
2026-05-20 03:57:42 INFO  [Test worker] com.phonebook.tests.mobile.TestBase - Driver created. Waiting 2 seconds for SplashActivity to stabilize...
2026-05-20 03:57:44 INFO  [Test worker] c.p.mobile.screens.BaseScreen - Initialized BaseScreen with Appium driver
2026-05-20 03:57:44 INFO  [Test worker] c.p.mobile.screens.BaseScreen - Initialized BaseScreen with Appium driver
2026-05-20 03:57:44 INFO  [Test worker] c.p.mobile.screens.BaseScreen - Initialized BaseScreen with Appium driver
2026-05-20 03:57:44 INFO  [Test worker] c.p.m.s.LoginRegistrationScreen - Entering user credentials for: 
2026-05-20 03:57:44 DEBUG [Test worker] c.p.m.s.LoginRegistrationScreen - Waiting for Email field to appear...
2026-05-20 03:57:49 INFO  [Test worker] c.p.m.s.LoginRegistrationScreen - Email entered successfully
2026-05-20 03:57:51 INFO  [Test worker] c.p.m.s.LoginRegistrationScreen - Password entered successfully
2026-05-20 03:57:51 INFO  [Test worker] c.p.m.s.LoginRegistrationScreen - Clicking 'Login' button
2026-05-20 03:57:53 INFO  [Test worker] c.p.mobile.screens.BaseScreen - Initialized BaseScreen with Appium driver
2026-05-20 03:57:53 INFO  [Test worker] c.p.mobile.screens.ErrorScreen - Validating error message text: 'Login or Password incorrect'
2026-05-20 03:57:53 DEBUG [Test worker] c.p.mobile.screens.BaseScreen - Waiting for text 'Login or Password incorrect' to appear in element Located by By.chained({AppiumBy.id: android:id/message})
2026-05-20 03:57:58 WARN  [Test worker] c.phonebook.tests.mobile.LoginTests - Validation failed for empty login
2026-05-20 03:57:58 INFO  [Test worker] com.phonebook.tests.mobile.TestBase - Initializing Appium driver...
2026-05-20 03:57:58 INFO  [Test worker] c.p.mobile.config.AppiumConfig - Connecting to Appium server at: http://127.0.0.1:4723
2026-05-20 04:00:16 INFO  [Test worker] com.phonebook.tests.mobile.TestBase - Initializing Appium driver...
2026-05-20 04:00:16 INFO  [Test worker] c.p.mobile.config.AppiumConfig - Connecting to Appium server at: http://127.0.0.1:4723
2026-05-20 04:00:25 INFO  [Test worker] com.phonebook.tests.mobile.TestBase - Driver created. Waiting 2 seconds for SplashActivity to stabilize...
2026-05-20 04:00:28 INFO  [Test worker] c.p.mobile.screens.BaseScreen - Initialized BaseScreen with Appium driver
2026-05-20 04:00:28 INFO  [Test worker] c.p.mobile.screens.BaseScreen - Initialized BaseScreen with Appium driver
2026-05-20 04:00:28 INFO  [Test worker] c.p.mobile.screens.BaseScreen - Initialized BaseScreen with Appium driver
2026-05-20 04:00:29 INFO  [Test worker] c.p.m.s.LoginRegistrationScreen - Clicking 'Login' button
2026-05-20 04:00:32 INFO  [Test worker] c.p.mobile.screens.BaseScreen - Initialized BaseScreen with Appium driver
2026-05-20 04:00:32 INFO  [Test worker] c.p.mobile.screens.ErrorScreen - Validating error message text: 'Login or Password incorrect'
2026-05-20 04:00:32 DEBUG [Test worker] c.p.mobile.screens.BaseScreen - Waiting for text 'Login or Password incorrect' to appear in element Located by By.chained({AppiumBy.id: android:id/message})
2026-05-20 04:00:33 WARN  [Test worker] c.phonebook.tests.mobile.LoginTests - Validation failed for empty fields
2026-05-20 04:00:33 INFO  [Test worker] com.phonebook.tests.mobile.TestBase - Initializing Appium driver...
2026-05-20 04:00:33 INFO  [Test worker] c.p.mobile.config.AppiumConfig - Connecting to Appium server at: http://127.0.0.1:4723
2026-05-20 04:00:41 INFO  [Test worker] com.phonebook.tests.mobile.TestBase - Driver created. Waiting 2 seconds for SplashActivity to stabilize...
2026-05-20 04:00:43 INFO  [Test worker] c.p.mobile.screens.BaseScreen - Initialized BaseScreen with Appium driver
2026-05-20 04:00:43 INFO  [Test worker] c.p.mobile.screens.BaseScreen - Initialized BaseScreen with Appium driver
2026-05-20 04:00:43 INFO  [Test worker] c.p.mobile.screens.BaseScreen - Initialized BaseScreen with Appium driver
2026-05-20 04:00:43 INFO  [Test worker] c.p.m.s.LoginRegistrationScreen - Entering user credentials for: 
2026-05-20 04:00:43 DEBUG [Test worker] c.p.m.s.LoginRegistrationScreen - Waiting for Email field to appear...
2026-05-20 04:00:46 INFO  [Test worker] c.p.m.s.LoginRegistrationScreen - Email entered successfully
2026-05-20 04:00:47 INFO  [Test worker] c.p.m.s.LoginRegistrationScreen - Password entered successfully
2026-05-20 04:00:47 INFO  [Test worker] c.p.m.s.LoginRegistrationScreen - Clicking 'Login' button
2026-05-20 04:00:47 INFO  [Test worker] c.p.mobile.screens.BaseScreen - Initialized BaseScreen with Appium driver
2026-05-20 04:00:47 INFO  [Test worker] c.p.mobile.screens.ErrorScreen - Validating error message text: 'Login or Password incorrect'
2026-05-20 04:00:47 DEBUG [Test worker] c.p.mobile.screens.BaseScreen - Waiting for text 'Login or Password incorrect' to appear in element Located by By.chained({AppiumBy.id: android:id/message})
2026-05-20 04:00:49 WARN  [Test worker] c.phonebook.tests.mobile.LoginTests - Validation failed for empty login
2026-05-20 04:00:49 INFO  [Test worker] com.phonebook.tests.mobile.TestBase - Initializing Appium driver...
2026-05-20 04:00:49 INFO  [Test worker] c.p.mobile.config.AppiumConfig - Connecting to Appium server at: http://127.0.0.1:4723
2026-05-20 04:00:57 INFO  [Test worker] com.phonebook.tests.mobile.TestBase - Driver created. Waiting 2 seconds for SplashActivity to stabilize...
2026-05-20 04:00:59 INFO  [Test worker] c.p.mobile.screens.BaseScreen - Initialized BaseScreen with Appium driver
2026-05-20 04:00:59 INFO  [Test worker] c.p.mobile.screens.BaseScreen - Initialized BaseScreen with Appium driver
2026-05-20 04:00:59 INFO  [Test worker] c.p.mobile.screens.BaseScreen - Initialized BaseScreen with Appium driver
2026-05-20 04:00:59 INFO  [Test worker] c.p.m.s.LoginRegistrationScreen - Entering user credentials for: fuf@fuf.fuf
2026-05-20 04:00:59 DEBUG [Test worker] c.p.m.s.LoginRegistrationScreen - Waiting for Email field to appear...
2026-05-20 04:01:07 INFO  [Test worker] c.p.m.s.LoginRegistrationScreen - Email entered successfully
2026-05-20 04:01:08 INFO  [Test worker] c.p.m.s.LoginRegistrationScreen - Password entered successfully
2026-05-20 04:01:08 INFO  [Test worker] c.p.m.s.LoginRegistrationScreen - Clicking 'Login' button
2026-05-20 04:01:12 INFO  [Test worker] com.phonebook.tests.mobile.TestBase - Alert closed. Text: Error
Login or Password incorrect
2026-05-20 04:01:12 INFO  [Test worker] c.phonebook.tests.mobile.LoginTests - Alert text received: Error
Login or Password incorrect
2026-05-20 04:01:12 INFO  [Test worker] com.phonebook.tests.mobile.TestBase - Initializing Appium driver...
2026-05-20 04:01:12 INFO  [Test worker] c.p.mobile.config.AppiumConfig - Connecting to Appium server at: http://127.0.0.1:4723
2026-05-20 04:01:18 INFO  [Test worker] com.phonebook.tests.mobile.TestBase - Driver created. Waiting 2 seconds for SplashActivity to stabilize...
2026-05-20 04:01:20 INFO  [Test worker] c.p.mobile.screens.BaseScreen - Initialized BaseScreen with Appium driver
2026-05-20 04:01:20 INFO  [Test worker] c.p.mobile.screens.BaseScreen - Initialized BaseScreen with Appium driver
2026-05-20 04:01:20 INFO  [Test worker] c.p.mobile.screens.BaseScreen - Initialized BaseScreen with Appium driver
2026-05-20 04:01:20 INFO  [Test worker] c.p.m.s.LoginRegistrationScreen - Entering user credentials for:  
2026-05-20 04:01:20 DEBUG [Test worker] c.p.m.s.LoginRegistrationScreen - Waiting for Email field to appear...
2026-05-20 04:01:26 INFO  [Test worker] c.p.m.s.LoginRegistrationScreen - Email entered successfully
2026-05-20 04:01:28 INFO  [Test worker] c.p.m.s.LoginRegistrationScreen - Password entered successfully
2026-05-20 04:01:28 INFO  [Test worker] c.p.m.s.LoginRegistrationScreen - Clicking 'Login' button
2026-05-20 04:01:29 INFO  [Test worker] c.p.mobile.screens.BaseScreen - Initialized BaseScreen with Appium driver
2026-05-20 04:01:29 INFO  [Test worker] c.p.mobile.screens.ErrorScreen - Validating error message text: 'Login or Password incorrect'
2026-05-20 04:01:29 DEBUG [Test worker] c.p.mobile.screens.BaseScreen - Waiting for text 'Login or Password incorrect' to appear in element Located by By.chained({AppiumBy.id: android:id/message})
2026-05-20 04:01:30 WARN  [Test worker] c.phonebook.tests.mobile.LoginTests - Validation failed for email with space
2026-05-20 04:01:30 INFO  [Test worker] com.phonebook.tests.mobile.TestBase - Initializing Appium driver...
2026-05-20 04:01:30 INFO  [Test worker] c.p.mobile.config.AppiumConfig - Connecting to Appium server at: http://127.0.0.1:4723
2026-05-20 04:01:36 INFO  [Test worker] com.phonebook.tests.mobile.TestBase - Driver created. Waiting 2 seconds for SplashActivity to stabilize...
2026-05-20 04:01:38 INFO  [Test worker] c.p.mobile.screens.BaseScreen - Initialized BaseScreen with Appium driver
2026-05-20 04:01:38 INFO  [Test worker] c.p.mobile.screens.BaseScreen - Initialized BaseScreen with Appium driver
2026-05-20 04:01:38 INFO  [Test worker] c.p.mobile.screens.BaseScreen - Initialized BaseScreen with Appium driver
2026-05-20 04:01:38 INFO  [Test worker] c.p.m.s.LoginRegistrationScreen - Entering user credentials for: fuf@fuf.fuf
2026-05-20 04:01:38 DEBUG [Test worker] c.p.m.s.LoginRegistrationScreen - Waiting for Email field to appear...
2026-05-20 04:01:44 INFO  [Test worker] c.p.m.s.LoginRegistrationScreen - Email entered successfully
2026-05-20 04:01:45 INFO  [Test worker] c.p.m.s.LoginRegistrationScreen - Password entered successfully
2026-05-20 04:01:45 INFO  [Test worker] c.p.m.s.LoginRegistrationScreen - Clicking 'Login' button
2026-05-20 04:01:46 INFO  [Test worker] c.p.mobile.screens.BaseScreen - Initialized BaseScreen with Appium driver
2026-05-20 04:01:49 INFO  [Test worker] c.phonebook.tests.mobile.LoginTests - Plus button verified successfully
2026-05-20 04:01:49 INFO  [Test worker] com.phonebook.tests.mobile.TestBase - Initializing Appium driver...
2026-05-20 04:01:49 INFO  [Test worker] c.p.mobile.config.AppiumConfig - Connecting to Appium server at: http://127.0.0.1:4723
2026-05-20 04:01:54 INFO  [Test worker] com.phonebook.tests.mobile.TestBase - Driver created. Waiting 2 seconds for SplashActivity to stabilize...
2026-05-20 04:01:56 INFO  [Test worker] c.p.mobile.screens.BaseScreen - Initialized BaseScreen with Appium driver
2026-05-20 04:01:56 INFO  [Test worker] c.p.mobile.screens.BaseScreen - Initialized BaseScreen with Appium driver
2026-05-20 04:01:56 INFO  [Test worker] c.p.mobile.screens.BaseScreen - Initialized BaseScreen with Appium driver
2026-05-20 04:01:56 INFO  [Test worker] c.phonebook.tests.mobile.LoginTests - Starting test: loginPositiveTest
2026-05-20 04:01:56 INFO  [Test worker] c.p.m.s.LoginRegistrationScreen - Entering user credentials for: fuf@fuf.fuf
2026-05-20 04:01:56 DEBUG [Test worker] c.p.m.s.LoginRegistrationScreen - Waiting for Email field to appear...
2026-05-20 04:02:04 INFO  [Test worker] c.p.m.s.LoginRegistrationScreen - Email entered successfully
2026-05-20 04:02:05 INFO  [Test worker] c.p.m.s.LoginRegistrationScreen - Password entered successfully
2026-05-20 04:02:05 INFO  [Test worker] c.p.m.s.LoginRegistrationScreen - Clicking 'Login' button
2026-05-20 04:02:06 INFO  [Test worker] c.p.mobile.screens.BaseScreen - Initialized BaseScreen with Appium driver
2026-05-20 04:02:21 WARN  [Test worker] c.p.mobile.screens.ContactListScreen - Contact list title not visible: Expected condition failed: waiting for visibility of Located by By.chained({By.xpath: //*[@text='Contact list']}) (tried for 15 second(s) with 500 milliseconds interval)
2026-05-20 04:02:21 INFO  [Test worker] c.phonebook.tests.mobile.LoginTests - Contact list screen displayed: false
2026-05-20 04:04:04 INFO  [Test worker] com.phonebook.tests.mobile.TestBase - Initializing Appium driver...
2026-05-20 04:04:04 INFO  [Test worker] c.p.mobile.config.AppiumConfig - Connecting to Appium server at: http://127.0.0.1:4723
2026-05-20 04:04:10 INFO  [Test worker] com.phonebook.tests.mobile.TestBase - Driver created. Waiting 2 seconds for SplashActivity to stabilize...
2026-05-20 04:04:13 INFO  [Test worker] c.p.mobile.screens.BaseScreen - Initialized BaseScreen with Appium driver
2026-05-20 04:04:13 INFO  [Test worker] c.p.mobile.screens.BaseScreen - Initialized BaseScreen with Appium driver
2026-05-20 04:04:13 INFO  [Test worker] c.p.mobile.screens.BaseScreen - Initialized BaseScreen with Appium driver
2026-05-20 04:04:14 INFO  [Test worker] c.phonebook.tests.mobile.LoginTests - Starting test: loginPositiveTest
2026-05-20 04:04:14 INFO  [Test worker] c.p.m.s.LoginRegistrationScreen - Entering user credentials for: fuf@fuf.fuf
2026-05-20 04:04:14 DEBUG [Test worker] c.p.m.s.LoginRegistrationScreen - Waiting for Email field to appear...
2026-05-20 04:04:19 INFO  [Test worker] c.p.m.s.LoginRegistrationScreen - Email entered successfully
2026-05-20 04:04:20 INFO  [Test worker] c.p.m.s.LoginRegistrationScreen - Password entered successfully
2026-05-20 04:04:20 INFO  [Test worker] c.p.m.s.LoginRegistrationScreen - Clicking 'Login' button
2026-05-20 04:04:21 INFO  [Test worker] c.p.mobile.screens.BaseScreen - Initialized BaseScreen with Appium driver
2026-05-20 04:04:24 INFO  [Test worker] c.phonebook.tests.mobile.LoginTests - Contact list screen displayed: true
2026-05-20 04:04:24 INFO  [Test worker] c.phonebook.tests.mobile.LoginTests - Test completed successfully
2026-05-20 04:07:48 INFO  [Test worker] com.phonebook.tests.mobile.TestBase - Initializing Appium driver...
2026-05-20 04:07:49 INFO  [Test worker] c.p.mobile.config.AppiumConfig - Connecting to Appium server at: http://127.0.0.1:4723
2026-05-20 04:07:54 INFO  [Test worker] com.phonebook.tests.mobile.TestBase - Driver created. Waiting 2 seconds for SplashActivity to stabilize...
2026-05-20 04:07:57 INFO  [Test worker] c.p.mobile.screens.BaseScreen - Initialized BaseScreen with Appium driver
2026-05-20 04:07:57 INFO  [Test worker] c.p.mobile.screens.BaseScreen - Initialized BaseScreen with Appium driver
2026-05-20 04:07:58 INFO  [Test worker] c.p.mobile.screens.BaseScreen - Initialized BaseScreen with Appium driver
2026-05-20 04:07:58 INFO  [Test worker] c.p.tests.mobile.AddNewContactTests - Logging in with user: abcd@gmail.com
2026-05-20 04:07:58 INFO  [Test worker] c.p.m.s.LoginRegistrationScreen - Entering user credentials for: abcd@gmail.com
2026-05-20 04:07:58 DEBUG [Test worker] c.p.m.s.LoginRegistrationScreen - Waiting for Email field to appear...
2026-05-20 04:08:03 INFO  [Test worker] c.p.m.s.LoginRegistrationScreen - Email entered successfully
2026-05-20 04:08:04 INFO  [Test worker] c.p.m.s.LoginRegistrationScreen - Password entered successfully
2026-05-20 04:08:04 INFO  [Test worker] c.p.m.s.LoginRegistrationScreen - Clicking 'Login' button
2026-05-20 04:08:05 INFO  [Test worker] c.p.mobile.screens.BaseScreen - Initialized BaseScreen with Appium driver
2026-05-20 04:08:05 INFO  [Test worker] c.p.mobile.screens.ContactListScreen - Clicking 'Add Contact' button
2026-05-20 04:08:08 INFO  [Test worker] c.p.mobile.screens.BaseScreen - Initialized BaseScreen with Appium driver
2026-05-20 04:08:08 INFO  [Test worker] c.p.m.screens.AddNewContactScreen - Typing contact form for: Ivan
2026-05-20 04:08:15 INFO  [Test worker] c.p.m.screens.AddNewContactScreen - Clicking 'Create' button to add new contact
2026-05-20 04:08:16 INFO  [Test worker] c.p.mobile.screens.BaseScreen - Initialized BaseScreen with Appium driver
2026-05-20 04:08:16 INFO  [Test worker] c.p.mobile.screens.ErrorScreen - Validating error message text: 'min 10, max 15!'
2026-05-20 04:08:16 DEBUG [Test worker] c.p.mobile.screens.BaseScreen - Waiting for text 'min 10, max 15!' to appear in element Located by By.chained({AppiumBy.id: android:id/message})
2026-05-20 04:08:17 WARN  [Test worker] c.p.tests.mobile.AddNewContactTests - Validation failed for empty phone
2026-05-20 04:08:17 INFO  [Test worker] com.phonebook.tests.mobile.TestBase - Initializing Appium driver...
2026-05-20 04:08:17 INFO  [Test worker] c.p.mobile.config.AppiumConfig - Connecting to Appium server at: http://127.0.0.1:4723
2026-05-20 04:08:21 INFO  [Test worker] com.phonebook.tests.mobile.TestBase - Driver created. Waiting 2 seconds for SplashActivity to stabilize...
2026-05-20 04:08:23 INFO  [Test worker] c.p.mobile.screens.BaseScreen - Initialized BaseScreen with Appium driver
2026-05-20 04:08:23 INFO  [Test worker] c.p.mobile.screens.BaseScreen - Initialized BaseScreen with Appium driver
2026-05-20 04:08:23 INFO  [Test worker] c.p.mobile.screens.BaseScreen - Initialized BaseScreen with Appium driver
2026-05-20 04:08:23 INFO  [Test worker] c.p.tests.mobile.AddNewContactTests - Logging in with user: abcd@gmail.com
2026-05-20 04:08:23 INFO  [Test worker] c.p.m.s.LoginRegistrationScreen - Entering user credentials for: abcd@gmail.com
2026-05-20 04:08:23 DEBUG [Test worker] c.p.m.s.LoginRegistrationScreen - Waiting for Email field to appear...
2026-05-20 04:08:30 INFO  [Test worker] c.p.m.s.LoginRegistrationScreen - Email entered successfully
2026-05-20 04:08:31 INFO  [Test worker] c.p.m.s.LoginRegistrationScreen - Password entered successfully
2026-05-20 04:08:31 INFO  [Test worker] c.p.m.s.LoginRegistrationScreen - Clicking 'Login' button
2026-05-20 04:08:32 INFO  [Test worker] c.p.mobile.screens.BaseScreen - Initialized BaseScreen with Appium driver
2026-05-20 04:08:32 INFO  [Test worker] c.p.mobile.screens.ContactListScreen - Clicking 'Add Contact' button
2026-05-20 04:08:34 INFO  [Test worker] c.p.mobile.screens.BaseScreen - Initialized BaseScreen with Appium driver
2026-05-20 04:08:34 INFO  [Test worker] c.p.m.screens.AddNewContactScreen - Typing contact form for: Ivan
2026-05-20 04:08:42 INFO  [Test worker] c.p.m.screens.AddNewContactScreen - Clicking 'Create' button to add new contact
2026-05-20 04:08:42 INFO  [Test worker] c.p.mobile.screens.BaseScreen - Initialized BaseScreen with Appium driver
2026-05-20 04:08:42 INFO  [Test worker] c.p.mobile.screens.ErrorScreen - Validating error message text: 'must be a well-formed email address'
2026-05-20 04:08:42 DEBUG [Test worker] c.p.mobile.screens.BaseScreen - Waiting for text 'must be a well-formed email address' to appear in element Located by By.chained({AppiumBy.id: android:id/message})
2026-05-20 04:08:44 WARN  [Test worker] c.p.tests.mobile.AddNewContactTests - Validation failed for invalid email format
2026-05-20 04:08:44 INFO  [Test worker] com.phonebook.tests.mobile.TestBase - Initializing Appium driver...
2026-05-20 04:08:44 INFO  [Test worker] c.p.mobile.config.AppiumConfig - Connecting to Appium server at: http://127.0.0.1:4723
2026-05-20 04:08:49 INFO  [Test worker] com.phonebook.tests.mobile.TestBase - Driver created. Waiting 2 seconds for SplashActivity to stabilize...
2026-05-20 04:08:51 INFO  [Test worker] c.p.mobile.screens.BaseScreen - Initialized BaseScreen with Appium driver
2026-05-20 04:08:51 INFO  [Test worker] c.p.mobile.screens.BaseScreen - Initialized BaseScreen with Appium driver
2026-05-20 04:08:51 INFO  [Test worker] c.p.mobile.screens.BaseScreen - Initialized BaseScreen with Appium driver
2026-05-20 04:08:51 INFO  [Test worker] c.p.tests.mobile.AddNewContactTests - Logging in with user: abcd@gmail.com
2026-05-20 04:08:51 INFO  [Test worker] c.p.m.s.LoginRegistrationScreen - Entering user credentials for: abcd@gmail.com
2026-05-20 04:08:51 DEBUG [Test worker] c.p.m.s.LoginRegistrationScreen - Waiting for Email field to appear...
2026-05-20 04:08:57 INFO  [Test worker] c.p.m.s.LoginRegistrationScreen - Email entered successfully
2026-05-20 04:08:59 INFO  [Test worker] c.p.m.s.LoginRegistrationScreen - Password entered successfully
2026-05-20 04:08:59 INFO  [Test worker] c.p.m.s.LoginRegistrationScreen - Clicking 'Login' button
2026-05-20 04:08:59 INFO  [Test worker] c.p.mobile.screens.BaseScreen - Initialized BaseScreen with Appium driver
2026-05-20 04:08:59 INFO  [Test worker] c.p.mobile.screens.ContactListScreen - Clicking 'Add Contact' button
2026-05-20 04:09:02 INFO  [Test worker] c.p.mobile.screens.BaseScreen - Initialized BaseScreen with Appium driver
2026-05-20 04:09:03 INFO  [Test worker] c.p.m.screens.AddNewContactScreen - Typing contact form for: Micheline
2026-05-20 04:09:09 INFO  [Test worker] c.p.m.screens.AddNewContactScreen - Clicking 'Create' button to add new contact
2026-05-20 04:09:10 INFO  [Test worker] c.p.mobile.screens.BaseScreen - Initialized BaseScreen with Appium driver
2026-05-20 04:09:10 INFO  [Test worker] c.p.mobile.screens.ErrorScreen - Validating error message text: 'not be blank'
2026-05-20 04:09:10 DEBUG [Test worker] c.p.mobile.screens.BaseScreen - Waiting for text 'not be blank' to appear in element Located by By.chained({AppiumBy.id: android:id/message})
2026-05-20 04:09:11 WARN  [Test worker] c.p.tests.mobile.AddNewContactTests - Validation failed for empty address
2026-05-20 04:09:11 INFO  [Test worker] com.phonebook.tests.mobile.TestBase - Initializing Appium driver...
2026-05-20 04:09:11 INFO  [Test worker] c.p.mobile.config.AppiumConfig - Connecting to Appium server at: http://127.0.0.1:4723
2026-05-20 04:09:17 INFO  [Test worker] com.phonebook.tests.mobile.TestBase - Driver created. Waiting 2 seconds for SplashActivity to stabilize...
2026-05-20 04:09:19 INFO  [Test worker] c.p.mobile.screens.BaseScreen - Initialized BaseScreen with Appium driver
2026-05-20 04:09:19 INFO  [Test worker] c.p.mobile.screens.BaseScreen - Initialized BaseScreen with Appium driver
2026-05-20 04:09:19 INFO  [Test worker] c.p.mobile.screens.BaseScreen - Initialized BaseScreen with Appium driver
2026-05-20 04:09:19 INFO  [Test worker] c.p.tests.mobile.AddNewContactTests - Logging in with user: abcd@gmail.com
2026-05-20 04:09:19 INFO  [Test worker] c.p.m.s.LoginRegistrationScreen - Entering user credentials for: abcd@gmail.com
2026-05-20 04:09:19 DEBUG [Test worker] c.p.m.s.LoginRegistrationScreen - Waiting for Email field to appear...
2026-05-20 04:09:25 INFO  [Test worker] c.p.m.s.LoginRegistrationScreen - Email entered successfully
2026-05-20 04:09:27 INFO  [Test worker] c.p.m.s.LoginRegistrationScreen - Password entered successfully
2026-05-20 04:09:27 INFO  [Test worker] c.p.m.s.LoginRegistrationScreen - Clicking 'Login' button
2026-05-20 04:09:27 INFO  [Test worker] c.p.mobile.screens.BaseScreen - Initialized BaseScreen with Appium driver
2026-05-20 04:09:27 INFO  [Test worker] c.p.mobile.screens.ContactListScreen - Clicking 'Add Contact' button
2026-05-20 04:09:30 INFO  [Test worker] c.p.mobile.screens.BaseScreen - Initialized BaseScreen with Appium driver
2026-05-20 04:09:30 INFO  [Test worker] c.p.m.screens.AddNewContactScreen - Typing contact form for: Man
2026-05-20 04:09:37 INFO  [Test worker] c.p.m.screens.AddNewContactScreen - Clicking 'Create' button to add new contact
2026-05-20 04:09:38 INFO  [Test worker] c.p.mobile.screens.BaseScreen - Initialized BaseScreen with Appium driver
2026-05-20 04:09:38 INFO  [Test worker] c.p.mobile.screens.ErrorScreen - Validating error message text: 'not be blank'
2026-05-20 04:09:38 DEBUG [Test worker] c.p.mobile.screens.BaseScreen - Waiting for text 'not be blank' to appear in element Located by By.chained({AppiumBy.id: android:id/message})
2026-05-20 04:09:39 WARN  [Test worker] c.p.tests.mobile.AddNewContactTests - Validation failed for empty last name
2026-05-20 04:09:39 INFO  [Test worker] com.phonebook.tests.mobile.TestBase - Initializing Appium driver...
2026-05-20 04:09:39 INFO  [Test worker] c.p.mobile.config.AppiumConfig - Connecting to Appium server at: http://127.0.0.1:4723
2026-05-20 04:09:45 INFO  [Test worker] com.phonebook.tests.mobile.TestBase - Driver created. Waiting 2 seconds for SplashActivity to stabilize...
2026-05-20 04:09:47 INFO  [Test worker] c.p.mobile.screens.BaseScreen - Initialized BaseScreen with Appium driver
2026-05-20 04:09:47 INFO  [Test worker] c.p.mobile.screens.BaseScreen - Initialized BaseScreen with Appium driver
2026-05-20 04:09:47 INFO  [Test worker] c.p.mobile.screens.BaseScreen - Initialized BaseScreen with Appium driver
2026-05-20 04:09:47 INFO  [Test worker] c.p.tests.mobile.AddNewContactTests - Logging in with user: abcd@gmail.com
2026-05-20 04:09:47 INFO  [Test worker] c.p.m.s.LoginRegistrationScreen - Entering user credentials for: abcd@gmail.com
2026-05-20 04:09:47 DEBUG [Test worker] c.p.m.s.LoginRegistrationScreen - Waiting for Email field to appear...
2026-05-20 04:09:54 INFO  [Test worker] c.p.m.s.LoginRegistrationScreen - Email entered successfully
2026-05-20 04:09:55 INFO  [Test worker] c.p.m.s.LoginRegistrationScreen - Password entered successfully
2026-05-20 04:09:55 INFO  [Test worker] c.p.m.s.LoginRegistrationScreen - Clicking 'Login' button
2026-05-20 04:09:56 INFO  [Test worker] c.p.mobile.screens.BaseScreen - Initialized BaseScreen with Appium driver
2026-05-20 04:09:56 INFO  [Test worker] c.p.mobile.screens.ContactListScreen - Clicking 'Add Contact' button
2026-05-20 04:09:59 INFO  [Test worker] c.p.mobile.screens.BaseScreen - Initialized BaseScreen with Appium driver
2026-05-20 04:09:59 INFO  [Test worker] c.p.m.screens.AddNewContactScreen - Typing contact form for: 
2026-05-20 04:10:07 INFO  [Test worker] c.p.m.screens.AddNewContactScreen - Clicking 'Create' button to add new contact
2026-05-20 04:10:07 INFO  [Test worker] c.p.mobile.screens.BaseScreen - Initialized BaseScreen with Appium driver
2026-05-20 04:10:07 INFO  [Test worker] c.p.mobile.screens.ErrorScreen - Validating error message text: 'not be blank'
2026-05-20 04:10:07 DEBUG [Test worker] c.p.mobile.screens.BaseScreen - Waiting for text 'not be blank' to appear in element Located by By.chained({AppiumBy.id: android:id/message})
2026-05-20 04:10:08 WARN  [Test worker] c.p.tests.mobile.AddNewContactTests - Validation failed for empty name
2026-05-20 04:10:08 INFO  [Test worker] com.phonebook.tests.mobile.TestBase - Initializing Appium driver...
2026-05-20 04:10:08 INFO  [Test worker] c.p.mobile.config.AppiumConfig - Connecting to Appium server at: http://127.0.0.1:4723
2026-05-20 04:10:13 INFO  [Test worker] com.phonebook.tests.mobile.TestBase - Driver created. Waiting 2 seconds for SplashActivity to stabilize...
2026-05-20 04:10:15 INFO  [Test worker] c.p.mobile.screens.BaseScreen - Initialized BaseScreen with Appium driver
2026-05-20 04:10:15 INFO  [Test worker] c.p.mobile.screens.BaseScreen - Initialized BaseScreen with Appium driver
2026-05-20 04:10:15 INFO  [Test worker] c.p.mobile.screens.BaseScreen - Initialized BaseScreen with Appium driver
2026-05-20 04:10:15 INFO  [Test worker] c.p.tests.mobile.AddNewContactTests - Logging in with user: abcd@gmail.com
2026-05-20 04:10:15 INFO  [Test worker] c.p.m.s.LoginRegistrationScreen - Entering user credentials for: abcd@gmail.com
2026-05-20 04:10:15 DEBUG [Test worker] c.p.m.s.LoginRegistrationScreen - Waiting for Email field to appear...
2026-05-20 04:10:22 INFO  [Test worker] c.p.m.s.LoginRegistrationScreen - Email entered successfully
2026-05-20 04:10:22 ERROR [Test worker] c.p.m.s.LoginRegistrationScreen - Error while entering user data: Could not proxy command to the remote server. Original error: socket hang up
Build info: version: '4.25.0', revision: '8a8aea2337'
System info: os.name: 'Windows 11', os.arch: 'amd64', os.version: '10.0', java.version: '17.0.17'
Driver info: io.appium.java_client.AppiumDriver
Command: [092b30fc-5bfe-4cef-9596-a4ef6e0e8012, findElement {using=id, value=com.sheygam.contactapp:id/inputPassword}]
Capabilities {appium:androidInstallTimeout: 120000, appium:appActivity: com.sheygam.contactapp.Spla..., appium:appPackage: com.sheygam.contactapp, appium:automationName: UiAutomator2, appium:databaseEnabled: false, appium:desired: {androidInstallTimeout: 120000, appActivity: com.sheygam.contactapp.Spla..., appPackage: com.sheygam.contactapp, automationName: UiAutomator2, deviceName: Pixel, newCommandTimeout: 120, noReset: false, platformName: ANDROID}, appium:deviceApiLevel: 26, appium:deviceManufacturer: Google, appium:deviceModel: Android SDK built for x86, appium:deviceName: emulator-5554, appium:deviceScreenDensity: 420, appium:deviceScreenSize: 1080x1920, appium:deviceUDID: emulator-5554, appium:javascriptEnabled: true, appium:locationContextEnabled: false, appium:networkConnectionEnabled: true, appium:newCommandTimeout: 120, appium:noReset: false, appium:pixelRatio: 2.625, appium:platformVersion: 8.0.0, appium:statBarHeight: 63, appium:takesScreenshot: true, appium:viewportRect: {height: 1857, left: 0, top: 63, width: 1080}, appium:warnings: {}, appium:webStorageEnabled: false, platformName: ANDROID}
Session ID: 092b30fc-5bfe-4cef-9596-a4ef6e0e8012
2026-05-20 04:10:57 INFO  [Test worker] com.phonebook.tests.mobile.TestBase - Initializing Appium driver...
2026-05-20 04:10:57 INFO  [Test worker] c.p.mobile.config.AppiumConfig - Connecting to Appium server at: http://127.0.0.1:4723
2026-05-20 04:11:03 INFO  [Test worker] com.phonebook.tests.mobile.TestBase - Driver created. Waiting 2 seconds for SplashActivity to stabilize...
2026-05-20 04:11:06 INFO  [Test worker] c.p.mobile.screens.BaseScreen - Initialized BaseScreen with Appium driver
2026-05-20 04:11:06 INFO  [Test worker] c.p.mobile.screens.BaseScreen - Initialized BaseScreen with Appium driver
2026-05-20 04:11:06 INFO  [Test worker] c.p.mobile.screens.BaseScreen - Initialized BaseScreen with Appium driver
2026-05-20 04:11:06 INFO  [Test worker] c.p.tests.mobile.AddNewContactTests - Logging in with user: abcd@gmail.com
2026-05-20 04:11:06 INFO  [Test worker] c.p.m.s.LoginRegistrationScreen - Entering user credentials for: abcd@gmail.com
2026-05-20 04:11:06 DEBUG [Test worker] c.p.m.s.LoginRegistrationScreen - Waiting for Email field to appear...
2026-05-20 04:11:12 INFO  [Test worker] c.p.m.s.LoginRegistrationScreen - Email entered successfully
2026-05-20 04:11:13 INFO  [Test worker] c.p.m.s.LoginRegistrationScreen - Password entered successfully
2026-05-20 04:11:13 INFO  [Test worker] c.p.m.s.LoginRegistrationScreen - Clicking 'Login' button
2026-05-20 04:11:14 INFO  [Test worker] c.p.mobile.screens.BaseScreen - Initialized BaseScreen with Appium driver
2026-05-20 04:11:14 INFO  [Test worker] c.p.mobile.screens.ContactListScreen - Clicking 'Add Contact' button
2026-05-20 04:11:38 INFO  [Test worker] com.phonebook.tests.mobile.TestBase - Initializing Appium driver...
2026-05-20 04:11:38 INFO  [Test worker] c.p.mobile.config.AppiumConfig - Connecting to Appium server at: http://127.0.0.1:4723
2026-05-20 04:11:44 INFO  [Test worker] com.phonebook.tests.mobile.TestBase - Driver created. Waiting 2 seconds for SplashActivity to stabilize...
2026-05-20 04:11:47 INFO  [Test worker] c.p.mobile.screens.BaseScreen - Initialized BaseScreen with Appium driver
2026-05-20 04:11:47 INFO  [Test worker] c.p.mobile.screens.BaseScreen - Initialized BaseScreen with Appium driver
2026-05-20 04:11:48 INFO  [Test worker] c.p.mobile.screens.BaseScreen - Initialized BaseScreen with Appium driver
2026-05-20 04:11:48 INFO  [Test worker] c.p.tests.mobile.AddNewContactTests - Logging in with user: abcd@gmail.com
2026-05-20 04:11:48 INFO  [Test worker] c.p.m.s.LoginRegistrationScreen - Entering user credentials for: abcd@gmail.com
2026-05-20 04:11:48 DEBUG [Test worker] c.p.m.s.LoginRegistrationScreen - Waiting for Email field to appear...
2026-05-20 04:11:53 INFO  [Test worker] c.p.m.s.LoginRegistrationScreen - Email entered successfully
2026-05-20 04:11:54 INFO  [Test worker] c.p.m.s.LoginRegistrationScreen - Password entered successfully
2026-05-20 04:11:54 INFO  [Test worker] c.p.m.s.LoginRegistrationScreen - Clicking 'Login' button
2026-05-20 04:11:56 INFO  [Test worker] c.p.mobile.screens.BaseScreen - Initialized BaseScreen with Appium driver
2026-05-20 04:11:56 INFO  [Test worker] c.p.mobile.screens.ContactListScreen - Clicking 'Add Contact' button
2026-05-20 04:11:58 INFO  [Test worker] c.p.mobile.screens.BaseScreen - Initialized BaseScreen with Appium driver
2026-05-20 04:11:58 INFO  [Test worker] c.p.m.screens.AddNewContactScreen - Typing contact form for: Malka
2026-05-20 04:12:05 INFO  [Test worker] c.p.m.screens.AddNewContactScreen - Clicking 'Create' button to add new contact
2026-05-20 04:12:06 DEBUG [Test worker] c.p.mobile.screens.BaseScreen - Waiting for text 'Contact was added' to appear in element Located by By.chained({By.xpath: //android.widget.Toast[@text='Contact was added!']})
2026-05-20 04:12:08 INFO  [Test worker] c.p.tests.mobile.AddNewContactTests - Contact 'Malka' added successfully
2026-05-20 04:12:27 INFO  [Test worker] com.phonebook.tests.mobile.TestBase - Initializing Appium driver...
2026-05-20 04:12:27 INFO  [Test worker] c.p.mobile.config.AppiumConfig - Connecting to Appium server at: http://127.0.0.1:4723
2026-05-20 04:12:33 INFO  [Test worker] com.phonebook.tests.mobile.TestBase - Driver created. Waiting 2 seconds for SplashActivity to stabilize...
2026-05-20 04:12:36 INFO  [Test worker] c.p.mobile.screens.BaseScreen - Initialized BaseScreen with Appium driver
2026-05-20 04:12:36 INFO  [Test worker] c.p.mobile.screens.BaseScreen - Initialized BaseScreen with Appium driver
2026-05-20 04:12:36 INFO  [Test worker] c.p.mobile.screens.BaseScreen - Initialized BaseScreen with Appium driver
2026-05-20 04:12:36 INFO  [Test worker] c.p.tests.mobile.AddNewContactTests - Logging in with user: abcd@gmail.com
2026-05-20 04:12:36 INFO  [Test worker] c.p.m.s.LoginRegistrationScreen - Entering user credentials for: abcd@gmail.com
2026-05-20 04:12:36 DEBUG [Test worker] c.p.m.s.LoginRegistrationScreen - Waiting for Email field to appear...
2026-05-20 04:12:41 INFO  [Test worker] c.p.m.s.LoginRegistrationScreen - Email entered successfully
2026-05-20 04:12:43 INFO  [Test worker] c.p.m.s.LoginRegistrationScreen - Password entered successfully
2026-05-20 04:12:43 INFO  [Test worker] c.p.m.s.LoginRegistrationScreen - Clicking 'Login' button
2026-05-20 04:12:43 INFO  [Test worker] c.p.mobile.screens.BaseScreen - Initialized BaseScreen with Appium driver
2026-05-20 04:12:43 INFO  [Test worker] c.p.mobile.screens.ContactListScreen - Clicking 'Add Contact' button
2026-05-20 04:12:46 INFO  [Test worker] c.p.mobile.screens.BaseScreen - Initialized BaseScreen with Appium driver
2026-05-20 04:12:47 INFO  [Test worker] c.p.m.screens.AddNewContactScreen - Typing contact form for: Danyel
2026-05-20 04:12:54 INFO  [Test worker] c.p.m.screens.AddNewContactScreen - Clicking 'Create' button to add new contact
2026-05-20 04:12:54 INFO  [Test worker] c.p.mobile.screens.BaseScreen - Initialized BaseScreen with Appium driver
2026-05-20 04:12:54 INFO  [Test worker] c.p.mobile.screens.ErrorScreen - Validating error message text: 'min 10, max 15!'
2026-05-20 04:12:54 DEBUG [Test worker] c.p.mobile.screens.BaseScreen - Waiting for text 'min 10, max 15!' to appear in element Located by By.chained({AppiumBy.id: android:id/message})
2026-05-20 04:12:55 WARN  [Test worker] c.p.tests.mobile.AddNewContactTests - Validation failed for phone length
2026-05-20 04:13:43 INFO  [Test worker] com.phonebook.tests.mobile.TestBase - Initializing Appium driver...
2026-05-20 04:13:43 INFO  [Test worker] c.p.mobile.config.AppiumConfig - Connecting to Appium server at: http://127.0.0.1:4723
2026-05-20 04:13:49 INFO  [Test worker] com.phonebook.tests.mobile.TestBase - Driver created. Waiting 2 seconds for SplashActivity to stabilize...
2026-05-20 04:13:52 INFO  [Test worker] c.p.mobile.screens.BaseScreen - Initialized BaseScreen with Appium driver
2026-05-20 04:13:52 INFO  [Test worker] c.p.mobile.screens.BaseScreen - Initialized BaseScreen with Appium driver
2026-05-20 04:13:52 INFO  [Test worker] c.p.mobile.screens.BaseScreen - Initialized BaseScreen with Appium driver
2026-05-20 04:13:52 INFO  [Test worker] c.p.tests.mobile.EditContactTests - Logging in with user: fuf@fuf.fuf
2026-05-20 04:13:52 INFO  [Test worker] c.p.m.s.LoginRegistrationScreen - Entering user credentials for: fuf@fuf.fuf
2026-05-20 04:13:52 DEBUG [Test worker] c.p.m.s.LoginRegistrationScreen - Waiting for Email field to appear...
2026-05-20 04:13:57 INFO  [Test worker] c.p.m.s.LoginRegistrationScreen - Email entered successfully
2026-05-20 04:13:59 INFO  [Test worker] c.p.m.s.LoginRegistrationScreen - Password entered successfully
2026-05-20 04:13:59 INFO  [Test worker] c.p.m.s.LoginRegistrationScreen - Clicking 'Login' button
2026-05-20 04:13:59 INFO  [Test worker] c.p.mobile.screens.BaseScreen - Initialized BaseScreen with Appium driver
2026-05-20 04:14:00 INFO  [Test worker] c.p.tests.mobile.EditContactTests - Editing first contact with new data: Contact(id=null, name=Sallie, lastName=O'Kon, phone=9813912931750, email=ruthie.hoppe@hotmail.com, address=Suite 783 784 Nichole Green, Kenville, FL 04777, description=My work)
2026-05-20 04:14:00 INFO  [Test worker] c.p.mobile.screens.ContactListScreen - Editing first contact
2026-05-20 04:14:02 INFO  [Test worker] c.p.mobile.helpers.SwipeUtils - Performing swipe LEFT inside element [[AppiumDriver:  on ANDROID (a9564556-751e-423b-8b19-18ac80cc97ec)] -> xpath: (//*[@resource-id='com.sheygam.contactapp:id/rowContainer'])]
2026-05-20 04:14:03 INFO  [Test worker] c.p.mobile.screens.BaseScreen - Initialized BaseScreen with Appium driver
2026-05-20 04:14:03 INFO  [Test worker] c.p.mobile.screens.EditContactScreen - Editing contact: Sallie
2026-05-20 04:14:10 INFO  [Test worker] c.p.mobile.screens.EditContactScreen - Clicking 'Update' button to save contact changes
2026-05-20 04:14:11 DEBUG [Test worker] c.p.mobile.screens.BaseScreen - Waiting for text 'Contact was updated!' to appear in element Located by By.chained({By.xpath: //android.widget.Toast[@text='Contact was updated!']})
2026-05-20 04:14:13 INFO  [Test worker] c.p.tests.mobile.EditContactTests - Contact update message displayed: true
2026-05-20 04:37:18 INFO  [Test worker] com.phonebook.tests.mobile.TestBase - Initializing Appium driver...
2026-05-20 04:37:18 INFO  [Test worker] c.p.mobile.config.AppiumConfig - Connecting to Appium server at: http://127.0.0.1:4723
2026-05-20 04:37:25 INFO  [Test worker] com.phonebook.tests.mobile.TestBase - Driver created. Waiting 2 seconds for SplashActivity to stabilize...
2026-05-20 04:37:28 INFO  [Test worker] c.p.mobile.screens.BaseScreen - Initialized BaseScreen with Appium driver
2026-05-20 04:37:28 INFO  [Test worker] c.p.mobile.screens.BaseScreen - Initialized BaseScreen with Appium driver
2026-05-20 04:37:28 INFO  [Test worker] c.p.mobile.screens.BaseScreen - Initialized BaseScreen with Appium driver
2026-05-20 04:37:28 INFO  [Test worker] c.p.tests.mobile.EditContactTests - Logging in with user: fuf@fuf.fuf
2026-05-20 04:37:28 INFO  [Test worker] c.p.m.s.LoginRegistrationScreen - Entering user credentials for: fuf@fuf.fuf
2026-05-20 04:37:28 DEBUG [Test worker] c.p.m.s.LoginRegistrationScreen - Waiting for Email field to appear...
2026-05-20 04:37:33 INFO  [Test worker] c.p.m.s.LoginRegistrationScreen - Email entered successfully
2026-05-20 04:37:35 INFO  [Test worker] c.p.m.s.LoginRegistrationScreen - Password entered successfully
2026-05-20 04:37:35 INFO  [Test worker] c.p.m.s.LoginRegistrationScreen - Clicking 'Login' button
2026-05-20 04:37:35 INFO  [Test worker] c.p.mobile.screens.BaseScreen - Initialized BaseScreen with Appium driver
2026-05-20 04:37:35 INFO  [Test worker] c.p.tests.mobile.EditContactTests - Starting negative test: edit contact with empty name
2026-05-20 04:37:35 INFO  [Test worker] c.p.mobile.screens.ContactListScreen - Editing first contact
2026-05-20 04:37:38 INFO  [Test worker] c.p.mobile.helpers.SwipeUtils - Performing swipe LEFT inside element [[AppiumDriver:  on ANDROID (aadf43f6-9660-4bbf-b2e9-1e458eb383d0)] -> xpath: (//*[@resource-id='com.sheygam.contactapp:id/rowContainer'])]
2026-05-20 04:37:39 INFO  [Test worker] c.p.mobile.screens.BaseScreen - Initialized BaseScreen with Appium driver
2026-05-20 04:37:49 ERROR [Test worker] c.p.mobile.screens.EditContactScreen - Failed to clear Name field: Expected condition failed: waiting for visibility of element located by AppiumBy.id: com.phonebook:id/inputName (tried for 10 second(s) with 500 milliseconds interval)
Build info: version: '4.25.0', revision: '8a8aea2337'
System info: os.name: 'Windows 11', os.arch: 'amd64', os.version: '10.0', java.version: '17.0.17'
Driver info: io.appium.java_client.AppiumDriver
Capabilities {appium:androidInstallTimeout: 120000, appium:appActivity: com.sheygam.contactapp.Spla..., appium:appPackage: com.sheygam.contactapp, appium:automationName: UiAutomator2, appium:databaseEnabled: false, appium:desired: {androidInstallTimeout: 120000, appActivity: com.sheygam.contactapp.Spla..., appPackage: com.sheygam.contactapp, automationName: UiAutomator2, deviceName: Pixel, newCommandTimeout: 120, noReset: false, platformName: ANDROID}, appium:deviceApiLevel: 26, appium:deviceManufacturer: Google, appium:deviceModel: Android SDK built for x86, appium:deviceName: emulator-5554, appium:deviceScreenDensity: 420, appium:deviceScreenSize: 1080x1920, appium:deviceUDID: emulator-5554, appium:javascriptEnabled: true, appium:locationContextEnabled: false, appium:networkConnectionEnabled: true, appium:newCommandTimeout: 120, appium:noReset: false, appium:pixelRatio: 2.625, appium:platformVersion: 8.0.0, appium:statBarHeight: 63, appium:takesScreenshot: true, appium:viewportRect: {height: 1857, left: 0, top: 63, width: 1080}, appium:warnings: {}, appium:webStorageEnabled: false, platformName: ANDROID}
Session ID: aadf43f6-9660-4bbf-b2e9-1e458eb383d0
2026-05-20 04:43:04 INFO  [Test worker] com.phonebook.tests.mobile.TestBase - Initializing Appium driver...
2026-05-20 04:43:04 INFO  [Test worker] c.p.mobile.config.AppiumConfig - Connecting to Appium server at: http://127.0.0.1:4723
2026-05-20 04:43:14 INFO  [Test worker] com.phonebook.tests.mobile.TestBase - Driver created. Waiting 2 seconds for SplashActivity to stabilize...
2026-05-20 04:43:17 INFO  [Test worker] c.p.mobile.screens.BaseScreen - Initialized BaseScreen with Appium driver
2026-05-20 04:43:17 INFO  [Test worker] c.p.mobile.screens.BaseScreen - Initialized BaseScreen with Appium driver
2026-05-20 04:43:17 INFO  [Test worker] c.p.mobile.screens.BaseScreen - Initialized BaseScreen with Appium driver
2026-05-20 04:43:17 INFO  [Test worker] c.p.tests.mobile.EditContactTests - Logging in with user: fuf@fuf.fuf
2026-05-20 04:43:17 INFO  [Test worker] c.p.m.s.LoginRegistrationScreen - Entering user credentials for: fuf@fuf.fuf
2026-05-20 04:43:17 DEBUG [Test worker] c.p.m.s.LoginRegistrationScreen - Waiting for Email field to appear...
2026-05-20 04:43:46 INFO  [Test worker] com.phonebook.tests.mobile.TestBase - Initializing Appium driver...
2026-05-20 04:43:46 INFO  [Test worker] c.p.mobile.config.AppiumConfig - Connecting to Appium server at: http://127.0.0.1:4723
2026-05-20 04:43:53 INFO  [Test worker] com.phonebook.tests.mobile.TestBase - Driver created. Waiting 2 seconds for SplashActivity to stabilize...
2026-05-20 04:43:56 INFO  [Test worker] c.p.mobile.screens.BaseScreen - Initialized BaseScreen with Appium driver
2026-05-20 04:43:56 INFO  [Test worker] c.p.mobile.screens.BaseScreen - Initialized BaseScreen with Appium driver
2026-05-20 04:43:56 INFO  [Test worker] c.p.mobile.screens.BaseScreen - Initialized BaseScreen with Appium driver
2026-05-20 04:43:56 INFO  [Test worker] c.p.tests.mobile.EditContactTests - Logging in with user: fuf@fuf.fuf
2026-05-20 04:43:56 INFO  [Test worker] c.p.m.s.LoginRegistrationScreen - Entering user credentials for: fuf@fuf.fuf
2026-05-20 04:43:56 DEBUG [Test worker] c.p.m.s.LoginRegistrationScreen - Waiting for Email field to appear...
2026-05-20 04:44:04 INFO  [Test worker] c.p.m.s.LoginRegistrationScreen - Email entered successfully
2026-05-20 04:44:05 INFO  [Test worker] c.p.m.s.LoginRegistrationScreen - Password entered successfully
2026-05-20 04:44:05 INFO  [Test worker] c.p.m.s.LoginRegistrationScreen - Clicking 'Login' button
2026-05-20 04:44:06 INFO  [Test worker] c.p.mobile.screens.BaseScreen - Initialized BaseScreen with Appium driver
2026-05-20 04:44:06 INFO  [Test worker] c.p.tests.mobile.EditContactTests - Starting negative test: edit contact with empty name
2026-05-20 04:44:06 INFO  [Test worker] c.p.mobile.screens.ContactListScreen - Editing first contact
2026-05-20 04:44:09 INFO  [Test worker] c.p.mobile.helpers.SwipeUtils - Performing swipe LEFT inside element [[AppiumDriver:  on ANDROID (a330a506-d4bf-41bb-ac39-e3e05a1726ad)] -> xpath: (//*[@resource-id='com.sheygam.contactapp:id/rowContainer'])]
2026-05-20 04:44:10 INFO  [Test worker] c.p.mobile.screens.BaseScreen - Initialized BaseScreen with Appium driver
2026-05-20 04:44:22 ERROR [Test worker] c.p.mobile.screens.EditContactScreen - Failed to clear Name field: Expected condition failed: waiting for visibility of element located by AppiumBy.id: com.phonebook:id/inputName (tried for 10 second(s) with 500 milliseconds interval)
Build info: version: '4.25.0', revision: '8a8aea2337'
System info: os.name: 'Windows 11', os.arch: 'amd64', os.version: '10.0', java.version: '17.0.17'
Driver info: io.appium.java_client.AppiumDriver
Capabilities {appium:androidInstallTimeout: 120000, appium:appActivity: com.sheygam.contactapp.Spla..., appium:appPackage: com.sheygam.contactapp, appium:automationName: UiAutomator2, appium:databaseEnabled: false, appium:desired: {androidInstallTimeout: 120000, appActivity: com.sheygam.contactapp.Spla..., appPackage: com.sheygam.contactapp, automationName: UiAutomator2, deviceName: Pixel, newCommandTimeout: 120, noReset: false, platformName: ANDROID}, appium:deviceApiLevel: 26, appium:deviceManufacturer: Google, appium:deviceModel: Android SDK built for x86, appium:deviceName: emulator-5554, appium:deviceScreenDensity: 420, appium:deviceScreenSize: 1080x1920, appium:deviceUDID: emulator-5554, appium:javascriptEnabled: true, appium:locationContextEnabled: false, appium:networkConnectionEnabled: true, appium:newCommandTimeout: 120, appium:noReset: false, appium:pixelRatio: 2.625, appium:platformVersion: 8.0.0, appium:statBarHeight: 63, appium:takesScreenshot: true, appium:viewportRect: {height: 1857, left: 0, top: 63, width: 1080}, appium:warnings: {}, appium:webStorageEnabled: false, platformName: ANDROID}
Session ID: a330a506-d4bf-41bb-ac39-e3e05a1726ad
2026-05-20 04:47:14 INFO  [Test worker] com.phonebook.tests.mobile.TestBase - Initializing Appium driver...
2026-05-20 04:47:14 INFO  [Test worker] c.p.mobile.config.AppiumConfig - Connecting to Appium server at: http://127.0.0.1:4723
2026-05-20 04:47:27 INFO  [Test worker] com.phonebook.tests.mobile.TestBase - Driver created. Waiting 2 seconds for SplashActivity to stabilize...
2026-05-20 04:47:30 INFO  [Test worker] c.p.mobile.screens.BaseScreen - Initialized BaseScreen with Appium driver
2026-05-20 04:47:30 INFO  [Test worker] c.p.mobile.screens.BaseScreen - Initialized BaseScreen with Appium driver
2026-05-20 04:47:31 INFO  [Test worker] c.p.mobile.screens.BaseScreen - Initialized BaseScreen with Appium driver
2026-05-20 04:47:31 INFO  [Test worker] c.p.tests.mobile.EditContactTests - Logging in with user: fuf@fuf.fuf
2026-05-20 04:47:31 INFO  [Test worker] c.p.m.s.LoginRegistrationScreen - Entering user credentials for: fuf@fuf.fuf
2026-05-20 04:47:31 DEBUG [Test worker] c.p.m.s.LoginRegistrationScreen - Waiting for Email field to appear...
2026-05-20 04:47:35 INFO  [Test worker] c.p.m.s.LoginRegistrationScreen - Email entered successfully
2026-05-20 04:47:37 INFO  [Test worker] c.p.m.s.LoginRegistrationScreen - Password entered successfully
2026-05-20 04:47:37 INFO  [Test worker] c.p.m.s.LoginRegistrationScreen - Clicking 'Login' button
2026-05-20 04:47:39 INFO  [Test worker] c.p.mobile.screens.BaseScreen - Initialized BaseScreen with Appium driver
2026-05-20 04:47:39 INFO  [Test worker] c.p.tests.mobile.EditContactTests - Starting negative test: edit contact with empty name
2026-05-20 04:47:39 INFO  [Test worker] c.p.mobile.screens.ContactListScreen - Editing first contact
2026-05-20 04:47:47 INFO  [Test worker] c.p.mobile.helpers.SwipeUtils - Performing swipe LEFT inside element [[AppiumDriver:  on ANDROID (b75955ab-88e9-43ff-a1d7-4771ce6f3357)] -> xpath: (//*[@resource-id='com.sheygam.contactapp:id/rowContainer'])]
2026-05-20 04:47:47 INFO  [Test worker] c.p.mobile.screens.BaseScreen - Initialized BaseScreen with Appium driver
2026-05-20 04:47:49 INFO  [Test worker] c.p.mobile.screens.EditContactScreen - Name field cleared successfully
2026-05-20 04:47:49 INFO  [Test worker] c.p.mobile.screens.EditContactScreen - Clicking 'Update' button to save contact changes
2026-05-20 04:47:51 INFO  [Test worker] c.p.mobile.screens.EditContactScreen - Error message displayed: {name=must not be blank}
2026-05-20 04:48:01 WARN  [Test worker] c.p.mobile.screens.EditContactScreen - Edit Contact screen not visible: Expected condition failed: waiting for visibility of element located by AppiumBy.id: com.phonebook:id/inputName (tried for 10 second(s) with 500 milliseconds interval)
Build info: version: '4.25.0', revision: '8a8aea2337'
System info: os.name: 'Windows 11', os.arch: 'amd64', os.version: '10.0', java.version: '17.0.17'
Driver info: io.appium.java_client.AppiumDriver
Capabilities {appium:androidInstallTimeout: 120000, appium:appActivity: com.sheygam.contactapp.Spla..., appium:appPackage: com.sheygam.contactapp, appium:automationName: UiAutomator2, appium:databaseEnabled: false, appium:desired: {androidInstallTimeout: 120000, appActivity: com.sheygam.contactapp.Spla..., appPackage: com.sheygam.contactapp, automationName: UiAutomator2, deviceName: Pixel, newCommandTimeout: 120, noReset: false, platformName: ANDROID}, appium:deviceApiLevel: 26, appium:deviceManufacturer: Google, appium:deviceModel: Android SDK built for x86, appium:deviceName: emulator-5554, appium:deviceScreenDensity: 420, appium:deviceScreenSize: 1080x1920, appium:deviceUDID: emulator-5554, appium:javascriptEnabled: true, appium:locationContextEnabled: false, appium:networkConnectionEnabled: true, appium:newCommandTimeout: 120, appium:noReset: false, appium:pixelRatio: 2.625, appium:platformVersion: 8.0.0, appium:statBarHeight: 63, appium:takesScreenshot: true, appium:viewportRect: {height: 1857, left: 0, top: 63, width: 1080}, appium:warnings: {}, appium:webStorageEnabled: false, platformName: ANDROID}
Session ID: b75955ab-88e9-43ff-a1d7-4771ce6f3357
2026-05-20 04:53:24 INFO  [Test worker] com.phonebook.tests.mobile.TestBase - Initializing Appium driver...
2026-05-20 04:53:24 INFO  [Test worker] c.p.mobile.config.AppiumConfig - Connecting to Appium server at: http://127.0.0.1:4723
2026-05-20 04:53:33 INFO  [Test worker] com.phonebook.tests.mobile.TestBase - Driver created. Waiting 2 seconds for SplashActivity to stabilize...
2026-05-20 04:53:36 INFO  [Test worker] c.p.mobile.screens.BaseScreen - Initialized BaseScreen with Appium driver
2026-05-20 04:53:36 INFO  [Test worker] c.p.mobile.screens.BaseScreen - Initialized BaseScreen with Appium driver
2026-05-20 04:53:36 INFO  [Test worker] c.p.mobile.screens.BaseScreen - Initialized BaseScreen with Appium driver
2026-05-20 04:53:36 INFO  [Test worker] c.p.tests.mobile.EditContactTests - Logging in with user: fuf@fuf.fuf
2026-05-20 04:53:36 INFO  [Test worker] c.p.m.s.LoginRegistrationScreen - Entering user credentials for: fuf@fuf.fuf
2026-05-20 04:53:36 DEBUG [Test worker] c.p.m.s.LoginRegistrationScreen - Waiting for Email field to appear...
2026-05-20 04:53:41 INFO  [Test worker] c.p.m.s.LoginRegistrationScreen - Email entered successfully
2026-05-20 04:53:43 INFO  [Test worker] c.p.m.s.LoginRegistrationScreen - Password entered successfully
2026-05-20 04:53:43 INFO  [Test worker] c.p.m.s.LoginRegistrationScreen - Clicking 'Login' button
2026-05-20 04:53:44 INFO  [Test worker] c.p.mobile.screens.BaseScreen - Initialized BaseScreen with Appium driver
2026-05-20 04:53:44 INFO  [Test worker] c.p.tests.mobile.EditContactTests - Starting negative test: edit contact with empty name
2026-05-20 04:53:44 INFO  [Test worker] c.p.mobile.screens.ContactListScreen - Editing first contact
2026-05-20 04:53:47 INFO  [Test worker] c.p.mobile.helpers.SwipeUtils - Performing swipe LEFT inside element [[AppiumDriver:  on ANDROID (f7454210-a9e1-4c43-bf24-943683a427e0)] -> xpath: (//*[@resource-id='com.sheygam.contactapp:id/rowContainer'])]
2026-05-20 04:53:48 INFO  [Test worker] c.p.mobile.screens.BaseScreen - Initialized BaseScreen with Appium driver
2026-05-20 04:53:49 INFO  [Test worker] c.p.mobile.screens.EditContactScreen - Name field cleared successfully
2026-05-20 04:53:49 INFO  [Test worker] c.p.mobile.screens.EditContactScreen - Clicking 'Update' button to save contact changes
2026-05-20 04:53:52 INFO  [Test worker] c.p.mobile.screens.EditContactScreen - Error message displayed: {name=must not be blank}
2026-05-20 04:54:02 WARN  [Test worker] c.p.mobile.screens.EditContactScreen - Edit Contact screen not visible: Expected condition failed: waiting for visibility of element located by AppiumBy.id: com.sheygam.contactapp:id/inputName (tried for 10 second(s) with 500 milliseconds interval)
Build info: version: '4.25.0', revision: '8a8aea2337'
System info: os.name: 'Windows 11', os.arch: 'amd64', os.version: '10.0', java.version: '17.0.17'
Driver info: io.appium.java_client.AppiumDriver
Capabilities {appium:androidInstallTimeout: 120000, appium:appActivity: com.sheygam.contactapp.Spla..., appium:appPackage: com.sheygam.contactapp, appium:automationName: UiAutomator2, appium:databaseEnabled: false, appium:desired: {androidInstallTimeout: 120000, appActivity: com.sheygam.contactapp.Spla..., appPackage: com.sheygam.contactapp, automationName: UiAutomator2, deviceName: Pixel, newCommandTimeout: 120, noReset: false, platformName: ANDROID}, appium:deviceApiLevel: 26, appium:deviceManufacturer: Google, appium:deviceModel: Android SDK built for x86, appium:deviceName: emulator-5554, appium:deviceScreenDensity: 420, appium:deviceScreenSize: 1080x1920, appium:deviceUDID: emulator-5554, appium:javascriptEnabled: true, appium:locationContextEnabled: false, appium:networkConnectionEnabled: true, appium:newCommandTimeout: 120, appium:noReset: false, appium:pixelRatio: 2.625, appium:platformVersion: 8.0.0, appium:statBarHeight: 63, appium:takesScreenshot: true, appium:viewportRect: {height: 1857, left: 0, top: 63, width: 1080}, appium:warnings: {}, appium:webStorageEnabled: false, platformName: ANDROID}
Session ID: f7454210-a9e1-4c43-bf24-943683a427e0
2026-05-20 08:58:02 INFO  [Test worker] com.phonebook.tests.mobile.TestBase - Initializing Appium driver...
2026-05-20 08:58:03 INFO  [Test worker] c.p.mobile.config.AppiumConfig - Connecting to Appium server at: http://127.0.0.1:4723
2026-05-20 08:58:24 INFO  [Test worker] com.phonebook.tests.mobile.TestBase - Driver created. Waiting 2 seconds for SplashActivity to stabilize...
2026-05-20 08:58:27 INFO  [Test worker] c.p.mobile.screens.BaseScreen - Initialized BaseScreen with Appium driver
2026-05-20 08:58:27 INFO  [Test worker] c.p.mobile.screens.BaseScreen - Initialized BaseScreen with Appium driver
2026-05-20 08:58:27 INFO  [Test worker] c.p.mobile.screens.BaseScreen - Initialized BaseScreen with Appium driver
2026-05-20 08:58:27 INFO  [Test worker] c.p.tests.mobile.EditContactTests - Logging in with user: fuf@fuf.fuf
2026-05-20 08:58:27 INFO  [Test worker] c.p.m.s.LoginRegistrationScreen - Entering user credentials for: fuf@fuf.fuf
2026-05-20 08:58:27 DEBUG [Test worker] c.p.m.s.LoginRegistrationScreen - Waiting for Email field to appear...
2026-05-20 08:58:32 INFO  [Test worker] c.p.m.s.LoginRegistrationScreen - Email entered successfully
2026-05-20 08:58:34 INFO  [Test worker] c.p.m.s.LoginRegistrationScreen - Password entered successfully
2026-05-20 08:58:34 INFO  [Test worker] c.p.m.s.LoginRegistrationScreen - Clicking 'Login' button
2026-05-20 08:58:34 INFO  [Test worker] c.p.mobile.screens.BaseScreen - Initialized BaseScreen with Appium driver
2026-05-20 08:58:35 INFO  [Test worker] c.p.tests.mobile.EditContactTests - Starting negative test: edit contact with empty name
2026-05-20 08:58:35 INFO  [Test worker] c.p.mobile.screens.ContactListScreen - Editing first contact
2026-05-20 08:58:38 INFO  [Test worker] c.p.mobile.helpers.SwipeUtils - Performing swipe LEFT inside element [[AppiumDriver:  on ANDROID (a5795bb6-2416-4f63-acbb-350e2850e2a0)] -> xpath: (//*[@resource-id='com.sheygam.contactapp:id/rowContainer'])]
2026-05-20 08:58:39 INFO  [Test worker] c.p.mobile.screens.BaseScreen - Initialized BaseScreen with Appium driver
2026-05-20 08:58:40 INFO  [Test worker] c.p.mobile.screens.EditContactScreen - Name field cleared successfully
2026-05-20 08:58:40 INFO  [Test worker] c.p.mobile.screens.EditContactScreen - Clicking 'Update' button to save contact changes
2026-05-20 08:58:43 INFO  [Test worker] c.p.mobile.screens.EditContactScreen - Error message displayed: {name=must not be blank}
2026-05-20 08:58:53 WARN  [Test worker] c.p.mobile.screens.EditContactScreen - Edit Contact screen not visible: Expected condition failed: waiting for visibility of element located by AppiumBy.id: com.sheygam.contactapp:id/buttonUpdate (tried for 10 second(s) with 500 milliseconds interval)
Build info: version: '4.25.0', revision: '8a8aea2337'
System info: os.name: 'Windows 11', os.arch: 'amd64', os.version: '10.0', java.version: '17.0.17'
Driver info: io.appium.java_client.AppiumDriver
Capabilities {appium:androidInstallTimeout: 120000, appium:appActivity: com.sheygam.contactapp.Spla..., appium:appPackage: com.sheygam.contactapp, appium:automationName: UiAutomator2, appium:databaseEnabled: false, appium:desired: {androidInstallTimeout: 120000, appActivity: com.sheygam.contactapp.Spla..., appPackage: com.sheygam.contactapp, automationName: UiAutomator2, deviceName: Pixel, newCommandTimeout: 120, noReset: false, platformName: ANDROID}, appium:deviceApiLevel: 26, appium:deviceManufacturer: Google, appium:deviceModel: Android SDK built for x86, appium:deviceName: emulator-5554, appium:deviceScreenDensity: 420, appium:deviceScreenSize: 1080x1920, appium:deviceUDID: emulator-5554, appium:javascriptEnabled: true, appium:locationContextEnabled: false, appium:networkConnectionEnabled: true, appium:newCommandTimeout: 120, appium:noReset: false, appium:pixelRatio: 2.625, appium:platformVersion: 8.0.0, appium:statBarHeight: 63, appium:takesScreenshot: true, appium:viewportRect: {height: 1857, left: 0, top: 63, width: 1080}, appium:warnings: {}, appium:webStorageEnabled: false, platformName: ANDROID}
Session ID: a5795bb6-2416-4f63-acbb-350e2850e2a0
2026-05-20 09:07:45 INFO  [Test worker] com.phonebook.tests.mobile.TestBase - Initializing Appium driver...
2026-05-20 09:07:45 INFO  [Test worker] c.p.mobile.config.AppiumConfig - Connecting to Appium server at: http://127.0.0.1:4723
2026-05-20 09:07:55 INFO  [Test worker] com.phonebook.tests.mobile.TestBase - Driver created. Waiting 2 seconds for SplashActivity to stabilize...
2026-05-20 09:07:59 INFO  [Test worker] c.p.mobile.screens.BaseScreen - Initialized BaseScreen with Appium driver
2026-05-20 09:07:59 INFO  [Test worker] c.p.mobile.screens.BaseScreen - Initialized BaseScreen with Appium driver
2026-05-20 09:07:59 INFO  [Test worker] c.p.mobile.screens.BaseScreen - Initialized BaseScreen with Appium driver
2026-05-20 09:07:59 INFO  [Test worker] c.p.tests.mobile.EditContactTests - Logging in with user: fuf@fuf.fuf
2026-05-20 09:07:59 INFO  [Test worker] c.p.m.s.LoginRegistrationScreen - Entering user credentials for: fuf@fuf.fuf
2026-05-20 09:07:59 DEBUG [Test worker] c.p.m.s.LoginRegistrationScreen - Waiting for Email field to appear...
2026-05-20 09:08:05 INFO  [Test worker] c.p.m.s.LoginRegistrationScreen - Email entered successfully
2026-05-20 09:08:06 INFO  [Test worker] c.p.m.s.LoginRegistrationScreen - Password entered successfully
2026-05-20 09:08:06 INFO  [Test worker] c.p.m.s.LoginRegistrationScreen - Clicking 'Login' button
2026-05-20 09:08:07 INFO  [Test worker] c.p.mobile.screens.BaseScreen - Initialized BaseScreen with Appium driver
2026-05-20 09:08:07 INFO  [Test worker] c.p.tests.mobile.EditContactTests - Starting negative test: edit contact with empty name
2026-05-20 09:08:07 INFO  [Test worker] c.p.mobile.screens.ContactListScreen - Editing first contact
2026-05-20 09:08:11 INFO  [Test worker] c.p.mobile.helpers.SwipeUtils - Performing swipe LEFT inside element [[AppiumDriver:  on ANDROID (4eaa74c0-9a8f-40f3-86b6-968e128fb234)] -> xpath: (//*[@resource-id='com.sheygam.contactapp:id/rowContainer'])]
2026-05-20 09:08:12 INFO  [Test worker] c.p.mobile.screens.BaseScreen - Initialized BaseScreen with Appium driver
2026-05-20 09:08:14 INFO  [Test worker] c.p.mobile.screens.EditContactScreen - Name field cleared successfully
2026-05-20 09:08:14 INFO  [Test worker] c.p.mobile.screens.EditContactScreen - Clicking 'Update' button to save contact changes
2026-05-20 09:08:14 INFO  [Test worker] c.p.mobile.screens.BaseScreen - Initialized BaseScreen with Appium driver
2026-05-20 09:08:14 INFO  [Test worker] c.p.mobile.screens.ErrorScreen - Validating error message text: 'not be blank'
2026-05-20 09:08:14 DEBUG [Test worker] c.p.mobile.screens.BaseScreen - Waiting for text 'not be blank' to appear in element Located by By.chained({AppiumBy.id: android:id/message})
2026-05-20 09:08:16 WARN  [Test worker] c.p.tests.mobile.EditContactTests - Validation failed for empty name
2026-05-20 09:08:26 WARN  [Test worker] c.p.mobile.screens.EditContactScreen - Edit Contact screen not visible: Expected condition failed: waiting for visibility of element located by AppiumBy.id: com.sheygam.contactapp:id/buttonUpdate (tried for 10 second(s) with 500 milliseconds interval)
Build info: version: '4.25.0', revision: '8a8aea2337'
System info: os.name: 'Windows 11', os.arch: 'amd64', os.version: '10.0', java.version: '17.0.17'
Driver info: io.appium.java_client.AppiumDriver
Capabilities {appium:androidInstallTimeout: 120000, appium:appActivity: com.sheygam.contactapp.Spla..., appium:appPackage: com.sheygam.contactapp, appium:automationName: UiAutomator2, appium:databaseEnabled: false, appium:desired: {androidInstallTimeout: 120000, appActivity: com.sheygam.contactapp.Spla..., appPackage: com.sheygam.contactapp, automationName: UiAutomator2, deviceName: Pixel, newCommandTimeout: 120, noReset: false, platformName: ANDROID}, appium:deviceApiLevel: 26, appium:deviceManufacturer: Google, appium:deviceModel: Android SDK built for x86, appium:deviceName: emulator-5554, appium:deviceScreenDensity: 420, appium:deviceScreenSize: 1080x1920, appium:deviceUDID: emulator-5554, appium:javascriptEnabled: true, appium:locationContextEnabled: false, appium:networkConnectionEnabled: true, appium:newCommandTimeout: 120, appium:noReset: false, appium:pixelRatio: 2.625, appium:platformVersion: 8.0.0, appium:statBarHeight: 63, appium:takesScreenshot: true, appium:viewportRect: {height: 1857, left: 0, top: 63, width: 1080}, appium:warnings: {}, appium:webStorageEnabled: false, platformName: ANDROID}
Session ID: 4eaa74c0-9a8f-40f3-86b6-968e128fb234
2026-05-20 09:10:30 INFO  [Test worker] com.phonebook.tests.mobile.TestBase - Initializing Appium driver...
2026-05-20 09:10:30 INFO  [Test worker] c.p.mobile.config.AppiumConfig - Connecting to Appium server at: http://127.0.0.1:4723
2026-05-20 09:10:40 INFO  [Test worker] com.phonebook.tests.mobile.TestBase - Driver created. Waiting 2 seconds for SplashActivity to stabilize...
2026-05-20 09:10:43 INFO  [Test worker] c.p.mobile.screens.BaseScreen - Initialized BaseScreen with Appium driver
2026-05-20 09:10:43 INFO  [Test worker] c.p.mobile.screens.BaseScreen - Initialized BaseScreen with Appium driver
2026-05-20 09:10:44 INFO  [Test worker] c.p.mobile.screens.BaseScreen - Initialized BaseScreen with Appium driver
2026-05-20 09:10:44 INFO  [Test worker] c.p.tests.mobile.EditContactTests - Logging in with user: fuf@fuf.fuf
2026-05-20 09:10:44 INFO  [Test worker] c.p.m.s.LoginRegistrationScreen - Entering user credentials for: fuf@fuf.fuf
2026-05-20 09:10:44 DEBUG [Test worker] c.p.m.s.LoginRegistrationScreen - Waiting for Email field to appear...
2026-05-20 09:10:49 INFO  [Test worker] c.p.m.s.LoginRegistrationScreen - Email entered successfully
2026-05-20 09:10:50 INFO  [Test worker] c.p.m.s.LoginRegistrationScreen - Password entered successfully
2026-05-20 09:10:50 INFO  [Test worker] c.p.m.s.LoginRegistrationScreen - Clicking 'Login' button
2026-05-20 09:10:51 INFO  [Test worker] c.p.mobile.screens.BaseScreen - Initialized BaseScreen with Appium driver
2026-05-20 09:10:51 INFO  [Test worker] c.p.tests.mobile.EditContactTests - Starting negative test: edit contact with empty name
2026-05-20 09:10:51 INFO  [Test worker] c.p.mobile.screens.ContactListScreen - Editing first contact
2026-05-20 09:10:55 INFO  [Test worker] c.p.mobile.helpers.SwipeUtils - Performing swipe LEFT inside element [[AppiumDriver:  on ANDROID (2f2cd7d0-d886-4955-9b02-bced753f01c2)] -> xpath: (//*[@resource-id='com.sheygam.contactapp:id/rowContainer'])]
2026-05-20 09:10:56 INFO  [Test worker] c.p.mobile.screens.BaseScreen - Initialized BaseScreen with Appium driver
2026-05-20 09:10:57 INFO  [Test worker] c.p.mobile.screens.EditContactScreen - Name field cleared successfully
2026-05-20 09:10:57 INFO  [Test worker] c.p.mobile.screens.EditContactScreen - Clicking 'Update' button to save contact changes
2026-05-20 09:10:58 INFO  [Test worker] c.p.mobile.screens.BaseScreen - Initialized BaseScreen with Appium driver
2026-05-20 09:10:58 INFO  [Test worker] c.p.mobile.screens.ErrorScreen - Validating error message text: 'not be blank'
2026-05-20 09:10:58 DEBUG [Test worker] c.p.mobile.screens.BaseScreen - Waiting for text 'not be blank' to appear in element Located by By.chained({AppiumBy.id: android:id/message})
2026-05-20 09:10:59 WARN  [Test worker] c.p.tests.mobile.EditContactTests - Validation failed for empty name
2026-05-20 09:11:10 WARN  [Test worker] c.p.mobile.screens.EditContactScreen - Edit Contact screen not visible: Expected condition failed: waiting for visibility of element located by AppiumBy.id: com.sheygam.contactapp:id/buttonUpdate (tried for 10 second(s) with 500 milliseconds interval)
Build info: version: '4.25.0', revision: '8a8aea2337'
System info: os.name: 'Windows 11', os.arch: 'amd64', os.version: '10.0', java.version: '17.0.17'
Driver info: io.appium.java_client.AppiumDriver
Capabilities {appium:androidInstallTimeout: 120000, appium:appActivity: com.sheygam.contactapp.Spla..., appium:appPackage: com.sheygam.contactapp, appium:automationName: UiAutomator2, appium:databaseEnabled: false, appium:desired: {androidInstallTimeout: 120000, appActivity: com.sheygam.contactapp.Spla..., appPackage: com.sheygam.contactapp, automationName: UiAutomator2, deviceName: Pixel, newCommandTimeout: 120, noReset: false, platformName: ANDROID}, appium:deviceApiLevel: 26, appium:deviceManufacturer: Google, appium:deviceModel: Android SDK built for x86, appium:deviceName: emulator-5554, appium:deviceScreenDensity: 420, appium:deviceScreenSize: 1080x1920, appium:deviceUDID: emulator-5554, appium:javascriptEnabled: true, appium:locationContextEnabled: false, appium:networkConnectionEnabled: true, appium:newCommandTimeout: 120, appium:noReset: false, appium:pixelRatio: 2.625, appium:platformVersion: 8.0.0, appium:statBarHeight: 63, appium:takesScreenshot: true, appium:viewportRect: {height: 1857, left: 0, top: 63, width: 1080}, appium:warnings: {}, appium:webStorageEnabled: false, platformName: ANDROID}
Session ID: 2f2cd7d0-d886-4955-9b02-bced753f01c2
2026-05-20 09:13:52 INFO  [Test worker] com.phonebook.tests.mobile.TestBase - Initializing Appium driver...
2026-05-20 09:13:52 INFO  [Test worker] c.p.mobile.config.AppiumConfig - Connecting to Appium server at: http://127.0.0.1:4723
2026-05-20 09:14:00 INFO  [Test worker] com.phonebook.tests.mobile.TestBase - Driver created. Waiting 2 seconds for SplashActivity to stabilize...
2026-05-20 09:14:03 INFO  [Test worker] c.p.mobile.screens.BaseScreen - Initialized BaseScreen with Appium driver
2026-05-20 09:14:03 INFO  [Test worker] c.p.mobile.screens.BaseScreen - Initialized BaseScreen with Appium driver
2026-05-20 09:14:04 INFO  [Test worker] c.p.mobile.screens.BaseScreen - Initialized BaseScreen with Appium driver
2026-05-20 09:14:04 INFO  [Test worker] c.p.tests.mobile.EditContactTests - Logging in with user: fuf@fuf.fuf
2026-05-20 09:14:04 INFO  [Test worker] c.p.m.s.LoginRegistrationScreen - Entering user credentials for: fuf@fuf.fuf
2026-05-20 09:14:04 DEBUG [Test worker] c.p.m.s.LoginRegistrationScreen - Waiting for Email field to appear...
2026-05-20 09:14:10 INFO  [Test worker] c.p.m.s.LoginRegistrationScreen - Email entered successfully
2026-05-20 09:14:11 INFO  [Test worker] c.p.m.s.LoginRegistrationScreen - Password entered successfully
2026-05-20 09:14:11 INFO  [Test worker] c.p.m.s.LoginRegistrationScreen - Clicking 'Login' button
2026-05-20 09:14:12 INFO  [Test worker] c.p.mobile.screens.BaseScreen - Initialized BaseScreen with Appium driver
2026-05-20 09:14:12 INFO  [Test worker] c.p.tests.mobile.EditContactTests - Starting negative test: edit contact with empty name
2026-05-20 09:14:12 INFO  [Test worker] c.p.mobile.screens.ContactListScreen - Editing first contact
2026-05-20 09:14:16 INFO  [Test worker] c.p.mobile.helpers.SwipeUtils - Performing swipe LEFT inside element [[AppiumDriver:  on ANDROID (2b368040-7568-4d0e-b1c2-69e04ac74ff9)] -> xpath: (//*[@resource-id='com.sheygam.contactapp:id/rowContainer'])]
2026-05-20 09:14:16 INFO  [Test worker] c.p.mobile.screens.BaseScreen - Initialized BaseScreen with Appium driver
2026-05-20 09:14:18 INFO  [Test worker] c.p.mobile.screens.EditContactScreen - Name field cleared successfully
2026-05-20 09:14:18 INFO  [Test worker] c.p.mobile.screens.EditContactScreen - Clicking 'Update' button to save contact changes
2026-05-20 09:14:18 INFO  [Test worker] c.p.mobile.screens.BaseScreen - Initialized BaseScreen with Appium driver
2026-05-20 09:14:18 INFO  [Test worker] c.p.mobile.screens.ErrorScreen - Validating error message text: 'not be blank'
2026-05-20 09:14:18 DEBUG [Test worker] c.p.mobile.screens.BaseScreen - Waiting for text 'not be blank' to appear in element Located by By.chained({AppiumBy.id: android:id/message})
2026-05-20 09:14:20 WARN  [Test worker] c.p.tests.mobile.EditContactTests - Validation failed for empty name
2026-05-20 09:14:30 WARN  [Test worker] c.p.mobile.screens.EditContactScreen - Edit Contact screen not visible: Expected condition failed: waiting for visibility of element located by AppiumBy.id: com.sheygam.contactapp:id/buttonUpdate (tried for 10 second(s) with 500 milliseconds interval)
Build info: version: '4.25.0', revision: '8a8aea2337'
System info: os.name: 'Windows 11', os.arch: 'amd64', os.version: '10.0', java.version: '17.0.17'
Driver info: io.appium.java_client.AppiumDriver
Capabilities {appium:androidInstallTimeout: 120000, appium:appActivity: com.sheygam.contactapp.Spla..., appium:appPackage: com.sheygam.contactapp, appium:automationName: UiAutomator2, appium:databaseEnabled: false, appium:desired: {androidInstallTimeout: 120000, appActivity: com.sheygam.contactapp.Spla..., appPackage: com.sheygam.contactapp, automationName: UiAutomator2, deviceName: Pixel, newCommandTimeout: 120, noReset: false, platformName: ANDROID}, appium:deviceApiLevel: 26, appium:deviceManufacturer: Google, appium:deviceModel: Android SDK built for x86, appium:deviceName: emulator-5554, appium:deviceScreenDensity: 420, appium:deviceScreenSize: 1080x1920, appium:deviceUDID: emulator-5554, appium:javascriptEnabled: true, appium:locationContextEnabled: false, appium:networkConnectionEnabled: true, appium:newCommandTimeout: 120, appium:noReset: false, appium:pixelRatio: 2.625, appium:platformVersion: 8.0.0, appium:statBarHeight: 63, appium:takesScreenshot: true, appium:viewportRect: {height: 1857, left: 0, top: 63, width: 1080}, appium:warnings: {}, appium:webStorageEnabled: false, platformName: ANDROID}
Session ID: 2b368040-7568-4d0e-b1c2-69e04ac74ff9
2026-05-20 09:14:30 INFO  [Test worker] c.p.tests.mobile.EditContactTests - Validation error displayed and edit screen closed as per current app behavior
2026-05-20 09:16:17 INFO  [Test worker] com.phonebook.tests.mobile.TestBase - Initializing Appium driver...
2026-05-20 09:16:17 INFO  [Test worker] c.p.mobile.config.AppiumConfig - Connecting to Appium server at: http://127.0.0.1:4723
2026-05-20 09:16:28 INFO  [Test worker] com.phonebook.tests.mobile.TestBase - Driver created. Waiting 2 seconds for SplashActivity to stabilize...
2026-05-20 09:16:31 INFO  [Test worker] c.p.mobile.screens.BaseScreen - Initialized BaseScreen with Appium driver
2026-05-20 09:16:32 INFO  [Test worker] c.p.mobile.screens.BaseScreen - Initialized BaseScreen with Appium driver
2026-05-20 09:16:32 INFO  [Test worker] c.p.mobile.screens.BaseScreen - Initialized BaseScreen with Appium driver
2026-05-20 09:16:32 INFO  [Test worker] c.phonebook.tests.mobile.LogoutTests - Starting test: loginAndLogoutDetailedTest
2026-05-20 09:16:32 INFO  [Test worker] c.p.m.s.LoginRegistrationScreen - Entering user credentials for: fuf@fuf.fuf
2026-05-20 09:16:32 DEBUG [Test worker] c.p.m.s.LoginRegistrationScreen - Waiting for Email field to appear...
2026-05-20 09:16:35 ERROR [Test worker] c.p.m.s.LoginRegistrationScreen - Error while entering user data: Could not proxy command to the remote server. Original error: socket hang up
Build info: version: '4.25.0', revision: '8a8aea2337'
System info: os.name: 'Windows 11', os.arch: 'amd64', os.version: '10.0', java.version: '17.0.17'
Driver info: io.appium.java_client.AppiumDriver
Command: [8f837dad-3fba-4e2a-b191-1d0c53df7aec, findElement {using=id, value=com.sheygam.contactapp:id/inputEmail}]
Capabilities {appium:androidInstallTimeout: 120000, appium:appActivity: com.sheygam.contactapp.Spla..., appium:appPackage: com.sheygam.contactapp, appium:automationName: UiAutomator2, appium:databaseEnabled: false, appium:desired: {androidInstallTimeout: 120000, appActivity: com.sheygam.contactapp.Spla..., appPackage: com.sheygam.contactapp, automationName: UiAutomator2, deviceName: Pixel, newCommandTimeout: 120, noReset: false, platformName: ANDROID}, appium:deviceApiLevel: 26, appium:deviceManufacturer: Google, appium:deviceModel: Android SDK built for x86, appium:deviceName: emulator-5554, appium:deviceScreenDensity: 420, appium:deviceScreenSize: 1080x1920, appium:deviceUDID: emulator-5554, appium:javascriptEnabled: true, appium:locationContextEnabled: false, appium:networkConnectionEnabled: true, appium:newCommandTimeout: 120, appium:noReset: false, appium:pixelRatio: 2.625, appium:platformVersion: 8.0.0, appium:statBarHeight: 63, appium:takesScreenshot: true, appium:viewportRect: {height: 1857, left: 0, top: 63, width: 1080}, appium:warnings: {}, appium:webStorageEnabled: false, platformName: ANDROID}
Session ID: 8f837dad-3fba-4e2a-b191-1d0c53df7aec
2026-05-20 09:16:36 INFO  [Test worker] com.phonebook.tests.mobile.TestBase - Initializing Appium driver...
2026-05-20 09:16:36 INFO  [Test worker] c.p.mobile.config.AppiumConfig - Connecting to Appium server at: http://127.0.0.1:4723
2026-05-20 09:16:42 INFO  [Test worker] com.phonebook.tests.mobile.TestBase - Driver created. Waiting 2 seconds for SplashActivity to stabilize...
2026-05-20 09:16:44 INFO  [Test worker] c.p.mobile.screens.BaseScreen - Initialized BaseScreen with Appium driver
2026-05-20 09:16:44 INFO  [Test worker] c.p.mobile.screens.BaseScreen - Initialized BaseScreen with Appium driver
2026-05-20 09:16:44 INFO  [Test worker] c.p.mobile.screens.BaseScreen - Initialized BaseScreen with Appium driver
2026-05-20 09:16:44 INFO  [Test worker] c.phonebook.tests.mobile.LogoutTests - Starting test: logoutPositiveTest
2026-05-20 09:16:44 INFO  [Test worker] c.p.m.s.LoginRegistrationScreen - Entering user credentials for: fuf@fuf.fuf
2026-05-20 09:16:44 DEBUG [Test worker] c.p.m.s.LoginRegistrationScreen - Waiting for Email field to appear...
2026-05-20 09:16:52 INFO  [Test worker] c.p.m.s.LoginRegistrationScreen - Email entered successfully
2026-05-20 09:16:53 INFO  [Test worker] c.p.m.s.LoginRegistrationScreen - Password entered successfully
2026-05-20 09:16:53 INFO  [Test worker] c.p.m.s.LoginRegistrationScreen - Clicking 'Login' button
2026-05-20 09:16:53 INFO  [Test worker] c.p.mobile.screens.BaseScreen - Initialized BaseScreen with Appium driver
2026-05-20 09:16:58 INFO  [Test worker] c.phonebook.tests.mobile.LogoutTests - Contact list screen displayed: true
2026-05-20 09:16:58 INFO  [Test worker] c.phonebook.tests.mobile.LogoutTests - Performing logout...
2026-05-20 09:16:58 INFO  [Test worker] c.p.mobile.screens.ContactListScreen - Opening 'More Options' menu
2026-05-20 09:16:58 INFO  [Test worker] c.p.mobile.screens.ContactListScreen - Clicking 'Logout' button
2026-05-20 09:17:01 INFO  [Test worker] c.phonebook.tests.mobile.LogoutTests - Authentication screen displayed after logout: true
2026-05-20 09:17:01 INFO  [Test worker] c.phonebook.tests.mobile.LogoutTests - Test completed successfully
2026-05-20 12:57:44 INFO  [Test worker] com.phonebook.tests.mobile.TestBase - Initializing Appium driver...
2026-05-20 12:57:44 INFO  [Test worker] c.p.mobile.config.AppiumConfig - Connecting to Appium server at: http://127.0.0.1:4723
2026-05-20 12:58:02 INFO  [Test worker] com.phonebook.tests.mobile.TestBase - Driver created. Waiting 2 seconds for SplashActivity to stabilize...
2026-05-20 12:58:05 INFO  [Test worker] c.p.mobile.screens.BaseScreen - Initialized BaseScreen with Appium driver
2026-05-20 12:58:06 INFO  [Test worker] c.p.mobile.screens.BaseScreen - Initialized BaseScreen with Appium driver
2026-05-20 12:58:06 INFO  [Test worker] c.p.mobile.screens.BaseScreen - Initialized BaseScreen with Appium driver
2026-05-20 12:58:06 INFO  [Test worker] c.phonebook.tests.mobile.LogoutTests - Starting test: loginAndLogoutDetailedTest
2026-05-20 12:58:06 INFO  [Test worker] c.p.m.s.LoginRegistrationScreen - Entering user credentials for: fuf@fuf.fuf
2026-05-20 12:58:06 DEBUG [Test worker] c.p.m.s.LoginRegistrationScreen - Waiting for Email field to appear...
2026-05-20 12:58:10 INFO  [Test worker] c.p.m.s.LoginRegistrationScreen - Email entered successfully
2026-05-20 12:58:12 INFO  [Test worker] c.p.m.s.LoginRegistrationScreen - Password entered successfully
2026-05-20 12:58:12 INFO  [Test worker] c.p.m.s.LoginRegistrationScreen - Clicking 'Login' button
2026-05-20 12:58:12 INFO  [Test worker] c.phonebook.tests.mobile.LogoutTests - Verifying contact list screen...
2026-05-20 12:58:12 INFO  [Test worker] c.p.mobile.screens.BaseScreen - Initialized BaseScreen with Appium driver
2026-05-20 12:58:16 INFO  [Test worker] c.phonebook.tests.mobile.LogoutTests - Executing logout...
2026-05-20 12:58:16 INFO  [Test worker] c.p.mobile.screens.ContactListScreen - Opening 'More Options' menu
2026-05-20 12:58:17 INFO  [Test worker] c.p.mobile.screens.ContactListScreen - Clicking 'Logout' button
2026-05-20 12:58:19 INFO  [Test worker] c.phonebook.tests.mobile.LogoutTests - Logout verified successfully
2026-05-20 12:59:09 INFO  [Test worker] com.phonebook.tests.mobile.TestBase - Initializing Appium driver...
2026-05-20 12:59:09 INFO  [Test worker] c.p.mobile.config.AppiumConfig - Connecting to Appium server at: http://127.0.0.1:4723
2026-05-20 12:59:19 INFO  [Test worker] com.phonebook.tests.mobile.TestBase - Driver created. Waiting 2 seconds for SplashActivity to stabilize...
2026-05-20 12:59:23 INFO  [Test worker] c.p.mobile.screens.BaseScreen - Initialized BaseScreen with Appium driver
2026-05-20 12:59:23 INFO  [Test worker] c.p.mobile.screens.BaseScreen - Initialized BaseScreen with Appium driver
2026-05-20 12:59:23 INFO  [Test worker] c.p.mobile.screens.BaseScreen - Initialized BaseScreen with Appium driver
2026-05-20 12:59:23 INFO  [Test worker] c.p.mobile.screens.BaseScreen - Initialized BaseScreen with Appium driver
2026-05-20 12:59:23 INFO  [Test worker] c.p.m.s.LoginRegistrationScreen - Entering user credentials for: fuf@fuf.fuf
2026-05-20 12:59:23 DEBUG [Test worker] c.p.m.s.LoginRegistrationScreen - Waiting for Email field to appear...
2026-05-20 12:59:28 INFO  [Test worker] c.p.m.s.LoginRegistrationScreen - Email entered successfully
2026-05-20 12:59:30 INFO  [Test worker] c.p.m.s.LoginRegistrationScreen - Password entered successfully
2026-05-20 12:59:30 INFO  [Test worker] c.p.m.s.LoginRegistrationScreen - Clicking 'Registration' button
2026-05-20 12:59:30 INFO  [Test worker] c.p.mobile.screens.BaseScreen - Initialized BaseScreen with Appium driver
2026-05-20 12:59:30 INFO  [Test worker] c.p.mobile.screens.ErrorScreen - Validating error message text: 'User already exists'
2026-05-20 12:59:30 DEBUG [Test worker] c.p.mobile.screens.BaseScreen - Waiting for text 'User already exists' to appear in element Located by By.chained({AppiumBy.id: android:id/message})
2026-05-20 12:59:33 WARN  [Test worker] c.p.tests.mobile.RegistrationTests - Validation failed for already existing user
2026-05-20 12:59:33 INFO  [Test worker] com.phonebook.tests.mobile.TestBase - Initializing Appium driver...
2026-05-20 12:59:33 INFO  [Test worker] c.p.mobile.config.AppiumConfig - Connecting to Appium server at: http://127.0.0.1:4723
2026-05-20 12:59:41 INFO  [Test worker] com.phonebook.tests.mobile.TestBase - Driver created. Waiting 2 seconds for SplashActivity to stabilize...
2026-05-20 12:59:43 INFO  [Test worker] c.p.mobile.screens.BaseScreen - Initialized BaseScreen with Appium driver
2026-05-20 12:59:43 INFO  [Test worker] c.p.mobile.screens.BaseScreen - Initialized BaseScreen with Appium driver
2026-05-20 12:59:43 INFO  [Test worker] c.p.mobile.screens.BaseScreen - Initialized BaseScreen with Appium driver
2026-05-20 12:59:43 INFO  [Test worker] c.p.mobile.screens.BaseScreen - Initialized BaseScreen with Appium driver
2026-05-20 12:59:43 INFO  [Test worker] c.p.m.s.LoginRegistrationScreen - Entering user credentials for: 
2026-05-20 12:59:43 DEBUG [Test worker] c.p.m.s.LoginRegistrationScreen - Waiting for Email field to appear...
2026-05-20 12:59:50 INFO  [Test worker] c.p.m.s.LoginRegistrationScreen - Email entered successfully
2026-05-20 12:59:51 INFO  [Test worker] c.p.m.s.LoginRegistrationScreen - Password entered successfully
2026-05-20 12:59:51 INFO  [Test worker] c.p.m.s.LoginRegistrationScreen - Clicking 'Registration' button
2026-05-20 12:59:52 INFO  [Test worker] c.p.mobile.screens.BaseScreen - Initialized BaseScreen with Appium driver
2026-05-20 12:59:52 INFO  [Test worker] c.p.mobile.screens.ErrorScreen - Checking if 'App has stopped' dialog is displayed
2026-05-20 12:59:52 DEBUG [Test worker] c.p.mobile.screens.BaseScreen - Waiting for element visibility: Located by By.chained({AppiumBy.id: android:id/title_template})
2026-05-20 12:59:59 WARN  [Test worker] c.p.tests.mobile.RegistrationTests - Validation failed for empty email and password
2026-05-20 12:59:59 INFO  [Test worker] com.phonebook.tests.mobile.TestBase - Initializing Appium driver...
2026-05-20 12:59:59 INFO  [Test worker] c.p.mobile.config.AppiumConfig - Connecting to Appium server at: http://127.0.0.1:4723
2026-05-20 13:00:06 INFO  [Test worker] com.phonebook.tests.mobile.TestBase - Driver created. Waiting 2 seconds for SplashActivity to stabilize...
2026-05-20 13:00:08 INFO  [Test worker] c.p.mobile.screens.BaseScreen - Initialized BaseScreen with Appium driver
2026-05-20 13:00:08 INFO  [Test worker] c.p.mobile.screens.BaseScreen - Initialized BaseScreen with Appium driver
2026-05-20 13:00:08 INFO  [Test worker] c.p.mobile.screens.BaseScreen - Initialized BaseScreen with Appium driver
2026-05-20 13:00:08 INFO  [Test worker] c.p.mobile.screens.BaseScreen - Initialized BaseScreen with Appium driver
2026-05-20 13:00:09 INFO  [Test worker] c.p.m.s.LoginRegistrationScreen - Entering user credentials for: 
2026-05-20 13:00:09 DEBUG [Test worker] c.p.m.s.LoginRegistrationScreen - Waiting for Email field to appear...
2026-05-20 13:00:16 INFO  [Test worker] c.p.m.s.LoginRegistrationScreen - Email entered successfully
2026-05-20 13:00:17 INFO  [Test worker] c.p.m.s.LoginRegistrationScreen - Password entered successfully
2026-05-20 13:00:17 INFO  [Test worker] c.p.m.s.LoginRegistrationScreen - Clicking 'Registration' button
2026-05-20 13:00:18 INFO  [Test worker] c.p.mobile.screens.BaseScreen - Initialized BaseScreen with Appium driver
2026-05-20 13:00:18 INFO  [Test worker] c.p.mobile.screens.ErrorScreen - Validating error message text: 'username=must not be blank'
2026-05-20 13:00:18 DEBUG [Test worker] c.p.mobile.screens.BaseScreen - Waiting for text 'username=must not be blank' to appear in element Located by By.chained({AppiumBy.id: android:id/message})
2026-05-20 13:00:20 WARN  [Test worker] c.p.tests.mobile.RegistrationTests - Validation failed for empty email
2026-05-20 13:00:20 INFO  [Test worker] com.phonebook.tests.mobile.TestBase - Initializing Appium driver...
2026-05-20 13:00:20 INFO  [Test worker] c.p.mobile.config.AppiumConfig - Connecting to Appium server at: http://127.0.0.1:4723
2026-05-20 13:00:29 INFO  [Test worker] com.phonebook.tests.mobile.TestBase - Driver created. Waiting 2 seconds for SplashActivity to stabilize...
2026-05-20 13:00:31 INFO  [Test worker] c.p.mobile.screens.BaseScreen - Initialized BaseScreen with Appium driver
2026-05-20 13:00:31 INFO  [Test worker] c.p.mobile.screens.BaseScreen - Initialized BaseScreen with Appium driver
2026-05-20 13:00:31 INFO  [Test worker] c.p.mobile.screens.BaseScreen - Initialized BaseScreen with Appium driver
2026-05-20 13:00:31 INFO  [Test worker] c.p.mobile.screens.BaseScreen - Initialized BaseScreen with Appium driver
2026-05-20 13:00:31 INFO  [Test worker] c.p.m.s.LoginRegistrationScreen - Entering user credentials for:  
2026-05-20 13:00:31 DEBUG [Test worker] c.p.m.s.LoginRegistrationScreen - Waiting for Email field to appear...
2026-05-20 13:00:38 INFO  [Test worker] c.p.m.s.LoginRegistrationScreen - Email entered successfully
2026-05-20 13:00:40 INFO  [Test worker] c.p.m.s.LoginRegistrationScreen - Password entered successfully
2026-05-20 13:00:40 INFO  [Test worker] c.p.m.s.LoginRegistrationScreen - Clicking 'Registration' button
2026-05-20 13:00:40 INFO  [Test worker] c.p.mobile.screens.BaseScreen - Initialized BaseScreen with Appium driver
2026-05-20 13:00:40 INFO  [Test worker] c.p.mobile.screens.ErrorScreen - Validating crash screen text: 'Open app again'
2026-05-20 13:00:40 DEBUG [Test worker] c.p.mobile.screens.BaseScreen - Waiting for text 'Open app again' to appear in element Located by By.chained({AppiumBy.id: android:id/aerr_restart})
2026-05-20 13:00:56 INFO  [Test worker] com.phonebook.tests.mobile.TestBase - Initializing Appium driver...
2026-05-20 13:00:56 INFO  [Test worker] c.p.mobile.config.AppiumConfig - Connecting to Appium server at: http://127.0.0.1:4723
2026-05-20 13:01:04 INFO  [Test worker] com.phonebook.tests.mobile.TestBase - Driver created. Waiting 2 seconds for SplashActivity to stabilize...
2026-05-20 13:01:06 INFO  [Test worker] c.p.mobile.screens.BaseScreen - Initialized BaseScreen with Appium driver
2026-05-20 13:01:06 INFO  [Test worker] c.p.mobile.screens.BaseScreen - Initialized BaseScreen with Appium driver
2026-05-20 13:01:06 INFO  [Test worker] c.p.mobile.screens.BaseScreen - Initialized BaseScreen with Appium driver
2026-05-20 13:01:06 INFO  [Test worker] c.p.mobile.screens.BaseScreen - Initialized BaseScreen with Appium driver
2026-05-20 13:01:06 INFO  [Test worker] c.p.m.s.LoginRegistrationScreen - Entering user credentials for: mir878gmail.com
2026-05-20 13:01:06 DEBUG [Test worker] c.p.m.s.LoginRegistrationScreen - Waiting for Email field to appear...
2026-05-20 13:01:14 INFO  [Test worker] c.p.m.s.LoginRegistrationScreen - Email entered successfully
2026-05-20 13:01:15 INFO  [Test worker] c.p.m.s.LoginRegistrationScreen - Password entered successfully
2026-05-20 13:01:15 INFO  [Test worker] c.p.m.s.LoginRegistrationScreen - Clicking 'Registration' button
2026-05-20 13:01:19 INFO  [Test worker] com.phonebook.tests.mobile.TestBase - Alert closed. Text: Error
{username=must be a well-formed email address}
2026-05-20 13:01:19 INFO  [Test worker] c.p.tests.mobile.RegistrationTests - Alert text received: Error
{username=must be a well-formed email address}
2026-05-20 13:01:19 INFO  [Test worker] com.phonebook.tests.mobile.TestBase - Initializing Appium driver...
2026-05-20 13:01:19 INFO  [Test worker] c.p.mobile.config.AppiumConfig - Connecting to Appium server at: http://127.0.0.1:4723
2026-05-20 13:01:27 INFO  [Test worker] com.phonebook.tests.mobile.TestBase - Driver created. Waiting 2 seconds for SplashActivity to stabilize...
2026-05-20 13:01:29 INFO  [Test worker] c.p.mobile.screens.BaseScreen - Initialized BaseScreen with Appium driver
2026-05-20 13:01:29 INFO  [Test worker] c.p.mobile.screens.BaseScreen - Initialized BaseScreen with Appium driver
2026-05-20 13:01:29 INFO  [Test worker] c.p.mobile.screens.BaseScreen - Initialized BaseScreen with Appium driver
2026-05-20 13:01:29 INFO  [Test worker] c.p.mobile.screens.BaseScreen - Initialized BaseScreen with Appium driver
2026-05-20 13:01:29 INFO  [Test worker] c.p.m.s.LoginRegistrationScreen - Entering user credentials for: mir977@gmailcom
2026-05-20 13:01:29 DEBUG [Test worker] c.p.m.s.LoginRegistrationScreen - Waiting for Email field to appear...
2026-05-20 13:01:36 INFO  [Test worker] c.p.m.s.LoginRegistrationScreen - Email entered successfully
2026-05-20 13:01:37 INFO  [Test worker] c.p.m.s.LoginRegistrationScreen - Password entered successfully
2026-05-20 13:01:37 INFO  [Test worker] c.p.m.s.LoginRegistrationScreen - Clicking 'Registration' button
2026-05-20 13:01:38 INFO  [Test worker] com.phonebook.tests.mobile.TestBase - Initializing Appium driver...
2026-05-20 13:01:38 INFO  [Test worker] c.p.mobile.config.AppiumConfig - Connecting to Appium server at: http://127.0.0.1:4723
2026-05-20 13:01:45 INFO  [Test worker] com.phonebook.tests.mobile.TestBase - Driver created. Waiting 2 seconds for SplashActivity to stabilize...
2026-05-20 13:01:47 INFO  [Test worker] c.p.mobile.screens.BaseScreen - Initialized BaseScreen with Appium driver
2026-05-20 13:01:47 INFO  [Test worker] c.p.mobile.screens.BaseScreen - Initialized BaseScreen with Appium driver
2026-05-20 13:01:47 INFO  [Test worker] c.p.mobile.screens.BaseScreen - Initialized BaseScreen with Appium driver
2026-05-20 13:01:47 INFO  [Test worker] c.p.mobile.screens.BaseScreen - Initialized BaseScreen with Appium driver
2026-05-20 13:01:47 INFO  [Test worker] c.p.m.s.LoginRegistrationScreen - Entering user credentials for: randy.hickle@yahoo.com
2026-05-20 13:01:47 DEBUG [Test worker] c.p.m.s.LoginRegistrationScreen - Waiting for Email field to appear...
2026-05-20 13:01:54 INFO  [Test worker] c.p.m.s.LoginRegistrationScreen - Email entered successfully
2026-05-20 13:01:55 INFO  [Test worker] c.p.m.s.LoginRegistrationScreen - Password entered successfully
2026-05-20 13:01:55 INFO  [Test worker] c.p.m.s.LoginRegistrationScreen - Clicking 'Registration' button
2026-05-20 13:02:01 INFO  [Test worker] com.phonebook.tests.mobile.TestBase - Alert closed. Text: Error
{password= At least 8 characters; Must contain at least 1 uppercase letter, 1 lowercase letter, and 1 number; Can contain special characters [@$#^&*!]}
2026-05-20 13:02:01 INFO  [Test worker] c.p.tests.mobile.RegistrationTests - Alert text received: [Error
{password= At least 8 characters; Must contain at least 1 uppercase letter, 1 lowercase letter, and 1 number; Can contain special characters [@$#^&*!]}]
2026-05-20 13:02:01 INFO  [Test worker] com.phonebook.tests.mobile.TestBase - Initializing Appium driver...
2026-05-20 13:02:01 INFO  [Test worker] c.p.mobile.config.AppiumConfig - Connecting to Appium server at: http://127.0.0.1:4723
2026-05-20 13:02:10 INFO  [Test worker] com.phonebook.tests.mobile.TestBase - Driver created. Waiting 2 seconds for SplashActivity to stabilize...
2026-05-20 13:02:12 INFO  [Test worker] c.p.mobile.screens.BaseScreen - Initialized BaseScreen with Appium driver
2026-05-20 13:02:12 INFO  [Test worker] c.p.mobile.screens.BaseScreen - Initialized BaseScreen with Appium driver
2026-05-20 13:02:12 INFO  [Test worker] c.p.mobile.screens.BaseScreen - Initialized BaseScreen with Appium driver
2026-05-20 13:02:12 INFO  [Test worker] c.p.mobile.screens.BaseScreen - Initialized BaseScreen with Appium driver
2026-05-20 13:02:12 INFO  [Test worker] c.p.tests.mobile.RegistrationTests - Testing registration with short password: 12345
2026-05-20 13:02:12 INFO  [Test worker] c.p.m.s.LoginRegistrationScreen - Entering user credentials for: antonia.kshlerin@gmail.com
2026-05-20 13:02:12 DEBUG [Test worker] c.p.m.s.LoginRegistrationScreen - Waiting for Email field to appear...
2026-05-20 13:02:19 INFO  [Test worker] c.p.m.s.LoginRegistrationScreen - Email entered successfully
2026-05-20 13:02:21 INFO  [Test worker] c.p.m.s.LoginRegistrationScreen - Password entered successfully
2026-05-20 13:02:21 INFO  [Test worker] c.p.m.s.LoginRegistrationScreen - Clicking 'Registration' button
2026-05-20 13:02:26 INFO  [Test worker] com.phonebook.tests.mobile.TestBase - Alert closed. Text: Error
{password= At least 8 characters; Must contain at least 1 uppercase letter, 1 lowercase letter, and 1 number; Can contain special characters [@$#^&*!]}
2026-05-20 13:02:26 INFO  [Test worker] c.p.tests.mobile.RegistrationTests - Alert text received: [Error
{password= At least 8 characters; Must contain at least 1 uppercase letter, 1 lowercase letter, and 1 number; Can contain special characters [@$#^&*!]}]
2026-05-20 13:02:26 INFO  [Test worker] com.phonebook.tests.mobile.TestBase - Initializing Appium driver...
2026-05-20 13:02:26 INFO  [Test worker] c.p.mobile.config.AppiumConfig - Connecting to Appium server at: http://127.0.0.1:4723
2026-05-20 13:02:33 INFO  [Test worker] com.phonebook.tests.mobile.TestBase - Driver created. Waiting 2 seconds for SplashActivity to stabilize...
2026-05-20 13:02:35 INFO  [Test worker] c.p.mobile.screens.BaseScreen - Initialized BaseScreen with Appium driver
2026-05-20 13:02:35 INFO  [Test worker] c.p.mobile.screens.BaseScreen - Initialized BaseScreen with Appium driver
2026-05-20 13:02:35 INFO  [Test worker] c.p.mobile.screens.BaseScreen - Initialized BaseScreen with Appium driver
2026-05-20 13:02:35 INFO  [Test worker] c.p.mobile.screens.BaseScreen - Initialized BaseScreen with Appium driver
2026-05-20 13:02:35 INFO  [Test worker] c.p.m.s.LoginRegistrationScreen - Entering user credentials for: sal.price@hotmail.com
2026-05-20 13:02:35 DEBUG [Test worker] c.p.m.s.LoginRegistrationScreen - Waiting for Email field to appear...
2026-05-20 13:02:42 INFO  [Test worker] c.p.m.s.LoginRegistrationScreen - Email entered successfully
2026-05-20 13:02:43 INFO  [Test worker] c.p.m.s.LoginRegistrationScreen - Password entered successfully
2026-05-20 13:02:43 INFO  [Test worker] c.p.m.s.LoginRegistrationScreen - Clicking 'Registration' button
2026-05-20 13:02:44 INFO  [Test worker] c.p.mobile.screens.BaseScreen - Initialized BaseScreen with Appium driver
2026-05-20 13:02:47 INFO  [Test worker] c.p.tests.mobile.RegistrationTests - Registration successful for user: sal.price@hotmail.com
2026-05-20 13:03:28 INFO  [Test worker] com.phonebook.tests.mobile.TestBase - Initializing Appium driver...
2026-05-20 13:03:28 INFO  [Test worker] c.p.mobile.config.AppiumConfig - Connecting to Appium server at: http://127.0.0.1:4723
2026-05-20 13:03:37 INFO  [Test worker] com.phonebook.tests.mobile.TestBase - Driver created. Waiting 2 seconds for SplashActivity to stabilize...
2026-05-20 13:03:40 INFO  [Test worker] c.p.mobile.screens.BaseScreen - Initialized BaseScreen with Appium driver
2026-05-20 13:03:40 INFO  [Test worker] c.p.mobile.screens.BaseScreen - Initialized BaseScreen with Appium driver
2026-05-20 13:03:40 INFO  [Test worker] c.p.mobile.screens.BaseScreen - Initialized BaseScreen with Appium driver
2026-05-20 13:03:40 INFO  [Test worker] c.p.mobile.screens.BaseScreen - Initialized BaseScreen with Appium driver
2026-05-20 13:03:41 INFO  [Test worker] c.p.m.s.LoginRegistrationScreen - Entering user credentials for:  
2026-05-20 13:03:41 DEBUG [Test worker] c.p.m.s.LoginRegistrationScreen - Waiting for Email field to appear...
2026-05-20 13:03:44 ERROR [Test worker] c.p.m.s.LoginRegistrationScreen - Error while entering user data: Could not proxy command to the remote server. Original error: socket hang up
Build info: version: '4.25.0', revision: '8a8aea2337'
System info: os.name: 'Windows 11', os.arch: 'amd64', os.version: '10.0', java.version: '17.0.17'
Driver info: io.appium.java_client.AppiumDriver
Command: [28989ea6-9284-48f1-9bbd-1c1c48d7229f, findElement {using=id, value=com.sheygam.contactapp:id/inputEmail}]
Capabilities {appium:androidInstallTimeout: 120000, appium:appActivity: com.sheygam.contactapp.Spla..., appium:appPackage: com.sheygam.contactapp, appium:automationName: UiAutomator2, appium:databaseEnabled: false, appium:desired: {androidInstallTimeout: 120000, appActivity: com.sheygam.contactapp.Spla..., appPackage: com.sheygam.contactapp, automationName: UiAutomator2, deviceName: Pixel, newCommandTimeout: 120, noReset: false, platformName: ANDROID}, appium:deviceApiLevel: 26, appium:deviceManufacturer: Google, appium:deviceModel: Android SDK built for x86, appium:deviceName: emulator-5554, appium:deviceScreenDensity: 420, appium:deviceScreenSize: 1080x1920, appium:deviceUDID: emulator-5554, appium:javascriptEnabled: true, appium:locationContextEnabled: false, appium:networkConnectionEnabled: true, appium:newCommandTimeout: 120, appium:noReset: false, appium:pixelRatio: 2.625, appium:platformVersion: 8.0.0, appium:statBarHeight: 63, appium:takesScreenshot: true, appium:viewportRect: {height: 1857, left: 0, top: 63, width: 1080}, appium:warnings: {}, appium:webStorageEnabled: false, platformName: ANDROID}
Session ID: 28989ea6-9284-48f1-9bbd-1c1c48d7229f
2026-05-20 13:03:59 INFO  [Test worker] com.phonebook.tests.mobile.TestBase - Initializing Appium driver...
2026-05-20 13:03:59 INFO  [Test worker] c.p.mobile.config.AppiumConfig - Connecting to Appium server at: http://127.0.0.1:4723
2026-05-20 13:04:07 INFO  [Test worker] com.phonebook.tests.mobile.TestBase - Driver created. Waiting 2 seconds for SplashActivity to stabilize...
2026-05-20 13:04:10 INFO  [Test worker] c.p.mobile.screens.BaseScreen - Initialized BaseScreen with Appium driver
2026-05-20 13:04:10 INFO  [Test worker] c.p.mobile.screens.BaseScreen - Initialized BaseScreen with Appium driver
2026-05-20 13:04:10 INFO  [Test worker] c.p.mobile.screens.BaseScreen - Initialized BaseScreen with Appium driver
2026-05-20 13:04:10 INFO  [Test worker] c.p.mobile.screens.BaseScreen - Initialized BaseScreen with Appium driver
2026-05-20 13:04:10 INFO  [Test worker] c.p.m.s.LoginRegistrationScreen - Entering user credentials for: mir246@gmailcom
2026-05-20 13:04:10 DEBUG [Test worker] c.p.m.s.LoginRegistrationScreen - Waiting for Email field to appear...
2026-05-20 13:04:16 INFO  [Test worker] c.p.m.s.LoginRegistrationScreen - Email entered successfully
2026-05-20 13:04:18 INFO  [Test worker] c.p.m.s.LoginRegistrationScreen - Password entered successfully
2026-05-20 13:04:18 INFO  [Test worker] c.p.m.s.LoginRegistrationScreen - Clicking 'Registration' button
2026-05-20 13:04:28 WARN  [Test worker] c.p.tests.mobile.RegistrationTests - KNOWN BUG REPRODUCED: Alert not found for email mir246@gmailcom
2026-05-20 13:04:31 WARN  [Test worker] c.p.m.s.LoginRegistrationScreen - Login/Registration form not visible: 'POST /element' cannot be proxied to UiAutomator2 server because the instrumentation process is not running (probably crashed). Check the server log and/or the logcat output for more details
Build info: version: '4.25.0', revision: '8a8aea2337'
System info: os.name: 'Windows 11', os.arch: 'amd64', os.version: '10.0', java.version: '17.0.17'
Driver info: io.appium.java_client.AppiumDriver
Command: [6c0baf6a-e4df-49cd-b9ca-eafe61ab7a3b, findElement {value=com.sheygam.contactapp:id/inputEmail, using=id}]
Capabilities {appium:androidInstallTimeout: 120000, appium:appActivity: com.sheygam.contactapp.Spla..., appium:appPackage: com.sheygam.contactapp, appium:automationName: UiAutomator2, appium:databaseEnabled: false, appium:desired: {androidInstallTimeout: 120000, appActivity: com.sheygam.contactapp.Spla..., appPackage: com.sheygam.contactapp, automationName: UiAutomator2, deviceName: Pixel, newCommandTimeout: 120, noReset: false, platformName: ANDROID}, appium:deviceApiLevel: 26, appium:deviceManufacturer: Google, appium:deviceModel: Android SDK built for x86, appium:deviceName: emulator-5554, appium:deviceScreenDensity: 420, appium:deviceScreenSize: 1080x1920, appium:deviceUDID: emulator-5554, appium:javascriptEnabled: true, appium:locationContextEnabled: false, appium:networkConnectionEnabled: true, appium:newCommandTimeout: 120, appium:noReset: false, appium:pixelRatio: 2.625, appium:platformVersion: 8.0.0, appium:statBarHeight: 63, appium:takesScreenshot: true, appium:viewportRect: {height: 1857, left: 0, top: 63, width: 1080}, appium:warnings: {}, appium:webStorageEnabled: false, platformName: ANDROID}
Session ID: 6c0baf6a-e4df-49cd-b9ca-eafe61ab7a3b
2026-05-20 13:04:31 ERROR [Test worker] c.p.tests.mobile.RegistrationTests - BUG CONFIRMED: User redirected to internal screen with invalid email!
2026-05-20 13:04:31 INFO  [Test worker] com.phonebook.tests.mobile.TestBase - Capturing screenshot: bug_invalid_email_dot
2026-05-20 13:21:55 INFO  [Test worker] com.phonebook.tests.mobile.TestBase - Initializing Appium driver...
2026-05-20 13:21:55 INFO  [Test worker] c.p.mobile.config.AppiumConfig - Connecting to Appium server at: http://127.0.0.1:4723
2026-05-20 13:22:05 INFO  [Test worker] com.phonebook.tests.mobile.TestBase - Driver created. Waiting 2 seconds for SplashActivity to stabilize...
2026-05-20 13:22:08 INFO  [Test worker] c.p.mobile.screens.BaseScreen - Initialized BaseScreen with Appium driver
2026-05-20 13:22:08 INFO  [Test worker] c.p.mobile.screens.BaseScreen - Initialized BaseScreen with Appium driver
2026-05-20 13:22:08 INFO  [Test worker] c.p.mobile.screens.BaseScreen - Initialized BaseScreen with Appium driver
2026-05-20 13:22:08 INFO  [Test worker] c.p.mobile.screens.BaseScreen - Initialized BaseScreen with Appium driver
2026-05-20 13:22:08 INFO  [Test worker] c.p.m.s.LoginRegistrationScreen - Entering user credentials for: mir137@gmailcom
2026-05-20 13:22:08 DEBUG [Test worker] c.p.m.s.LoginRegistrationScreen - Waiting for Email field to appear...
2026-05-20 13:22:14 INFO  [Test worker] c.p.m.s.LoginRegistrationScreen - Email entered successfully
2026-05-20 13:22:15 INFO  [Test worker] c.p.m.s.LoginRegistrationScreen - Password entered successfully
2026-05-20 13:22:15 INFO  [Test worker] c.p.m.s.LoginRegistrationScreen - Clicking 'Registration' button
2026-05-20 13:22:26 WARN  [Test worker] c.p.tests.mobile.RegistrationTests - KNOWN BUG REPRODUCED: Alert not found for email mir137@gmailcom
2026-05-20 13:22:42 WARN  [Test worker] c.p.m.s.LoginRegistrationScreen - Login/Registration form not visible: Can't locate an element by this strategy: By.chained({AppiumBy.id: com.sheygam.contactapp:id/inputEmail})
2026-05-20 13:22:42 ERROR [Test worker] c.p.tests.mobile.RegistrationTests - BUG CONFIRMED: User redirected to internal screen with invalid email!
2026-05-20 13:22:42 INFO  [Test worker] c.p.core.helpers.ScreenshotUtils - Capturing screenshot: bug_invalid_email_dot
2026-05-20 13:22:43 INFO  [Test worker] c.p.core.helpers.ScreenshotUtils - Screenshot saved successfully: screenshots/bug_invalid_email_dot.png
2026-05-20 13:22:43 INFO  [Test worker] c.p.tests.mobile.RegistrationTests - Test passed with known bug: registration succeeds with invalid email (missing dot)
2026-05-20 13:32:49 INFO  [Test worker] com.phonebook.tests.mobile.TestBase - Initializing Appium driver...
2026-05-20 13:32:49 INFO  [Test worker] c.p.mobile.config.AppiumConfig - Connecting to Appium server at: http://127.0.0.1:4723
2026-05-20 13:32:59 INFO  [Test worker] com.phonebook.tests.mobile.TestBase - Driver created. Waiting 2 seconds for SplashActivity to stabilize...
2026-05-20 13:33:02 INFO  [Test worker] c.p.mobile.screens.BaseScreen - Initialized BaseScreen with Appium driver
2026-05-20 13:33:03 INFO  [Test worker] c.p.mobile.screens.BaseScreen - Initialized BaseScreen with Appium driver
2026-05-20 13:33:03 INFO  [Test worker] c.p.mobile.screens.BaseScreen - Initialized BaseScreen with Appium driver
2026-05-20 13:33:03 INFO  [Test worker] c.p.mobile.screens.BaseScreen - Initialized BaseScreen with Appium driver
2026-05-20 13:33:04 INFO  [Test worker] c.p.m.s.LoginRegistrationScreen - Entering user credentials for:  
2026-05-20 13:33:04 DEBUG [Test worker] c.p.m.s.LoginRegistrationScreen - Waiting for Email field to appear...
2026-05-20 13:33:08 INFO  [Test worker] c.p.m.s.LoginRegistrationScreen - Email entered successfully
2026-05-20 13:33:09 INFO  [Test worker] c.p.m.s.LoginRegistrationScreen - Password entered successfully
2026-05-20 13:33:09 INFO  [Test worker] c.p.m.s.LoginRegistrationScreen - Clicking 'Registration' button
2026-05-20 13:33:10 INFO  [Test worker] c.p.mobile.screens.BaseScreen - Initialized BaseScreen with Appium driver
2026-05-20 13:33:10 INFO  [Test worker] c.p.mobile.screens.ErrorScreen - Validating crash screen text: 'Open app again'
2026-05-20 13:33:10 DEBUG [Test worker] c.p.mobile.screens.BaseScreen - Waiting for text 'Open app again' to appear in element Located by By.chained({AppiumBy.id: android:id/aerr_restart})
2026-05-20 13:33:13 INFO  [Test worker] c.p.tests.mobile.RegistrationTests - Test passed with known bug: app crashes when email contains space
2026-05-20 13:40:13 INFO  [Test worker] com.phonebook.tests.mobile.TestBase - Initializing Appium driver...
2026-05-20 13:40:13 INFO  [Test worker] c.p.mobile.config.AppiumConfig - Connecting to Appium server at: http://127.0.0.1:4723
2026-05-20 13:40:22 INFO  [Test worker] com.phonebook.tests.mobile.TestBase - Driver created. Waiting 2 seconds for SplashActivity to stabilize...
2026-05-20 13:40:26 INFO  [Test worker] c.p.mobile.screens.BaseScreen - Initialized BaseScreen with Appium driver
2026-05-20 13:40:26 INFO  [Test worker] c.p.mobile.screens.BaseScreen - Initialized BaseScreen with Appium driver
2026-05-20 13:40:26 INFO  [Test worker] c.p.mobile.screens.BaseScreen - Initialized BaseScreen with Appium driver
2026-05-20 13:40:26 INFO  [Test worker] c.p.mobile.screens.BaseScreen - Initialized BaseScreen with Appium driver
2026-05-20 13:40:27 INFO  [Test worker] c.p.m.s.LoginRegistrationScreen - Entering user credentials for:  
2026-05-20 13:40:27 DEBUG [Test worker] c.p.m.s.LoginRegistrationScreen - Waiting for Email field to appear...
2026-05-20 13:40:31 INFO  [Test worker] c.p.m.s.LoginRegistrationScreen - Email entered successfully
2026-05-20 13:40:32 INFO  [Test worker] c.p.m.s.LoginRegistrationScreen - Password entered successfully
2026-05-20 13:40:32 INFO  [Test worker] c.p.m.s.LoginRegistrationScreen - Clicking 'Registration' button
2026-05-20 13:40:33 INFO  [Test worker] c.p.mobile.screens.BaseScreen - Initialized BaseScreen with Appium driver
2026-05-20 13:40:33 INFO  [Test worker] c.p.mobile.screens.ErrorScreen - Validating crash screen text: 'Open app again'
2026-05-20 13:40:33 DEBUG [Test worker] c.p.mobile.screens.BaseScreen - Waiting for text 'Open app again' to appear in element Located by By.chained({AppiumBy.id: android:id/aerr_restart})
2026-05-20 13:40:36 INFO  [Test worker] c.p.tests.mobile.RegistrationTests - Test passed with known bug: app crashes when email contains space
2026-05-20 13:44:53 INFO  [Test worker] com.phonebook.tests.mobile.TestBase - Initializing Appium driver...
2026-05-20 13:44:53 INFO  [Test worker] c.p.mobile.config.AppiumConfig - Connecting to Appium server at: http://127.0.0.1:4723
2026-05-20 13:45:01 INFO  [Test worker] com.phonebook.tests.mobile.TestBase - Driver created. Waiting 2 seconds for SplashActivity to stabilize...
2026-05-20 13:45:04 INFO  [Test worker] c.p.mobile.screens.BaseScreen - Initialized BaseScreen with Appium driver
2026-05-20 13:45:04 INFO  [Test worker] c.p.mobile.screens.BaseScreen - Initialized BaseScreen with Appium driver
2026-05-20 13:45:05 INFO  [Test worker] c.p.mobile.screens.BaseScreen - Initialized BaseScreen with Appium driver
2026-05-20 13:45:05 INFO  [Test worker] c.p.mobile.screens.BaseScreen - Initialized BaseScreen with Appium driver
2026-05-20 13:45:06 INFO  [Test worker] c.p.m.s.LoginRegistrationScreen - Entering user credentials for:  
2026-05-20 13:45:06 DEBUG [Test worker] c.p.m.s.LoginRegistrationScreen - Waiting for Email field to appear...
2026-05-20 13:45:09 INFO  [Test worker] c.p.m.s.LoginRegistrationScreen - Email entered successfully
2026-05-20 13:45:11 INFO  [Test worker] c.p.m.s.LoginRegistrationScreen - Password entered successfully
2026-05-20 13:45:11 INFO  [Test worker] c.p.m.s.LoginRegistrationScreen - Clicking 'Registration' button
2026-05-20 13:45:11 INFO  [Test worker] c.p.mobile.screens.BaseScreen - Initialized BaseScreen with Appium driver
2026-05-20 13:45:11 INFO  [Test worker] c.p.mobile.screens.ErrorScreen - Validating crash screen text: 'Open app again'
2026-05-20 13:45:11 DEBUG [Test worker] c.p.mobile.screens.BaseScreen - Waiting for text 'Open app again' to appear in element Located by By.chained({AppiumBy.id: android:id/aerr_restart})
2026-05-20 13:45:18 INFO  [Test worker] c.p.tests.mobile.RegistrationTests - Test passed with known bug: app crashes when email contains space
2026-05-20 13:50:01 INFO  [Test worker] com.phonebook.tests.mobile.TestBase - Initializing Appium driver...
2026-05-20 13:50:01 INFO  [Test worker] c.p.mobile.config.AppiumConfig - Connecting to Appium server at: http://127.0.0.1:4723
2026-05-20 13:50:12 INFO  [Test worker] com.phonebook.tests.mobile.TestBase - Driver created. Waiting 2 seconds for SplashActivity to stabilize...
2026-05-20 13:50:16 INFO  [Test worker] c.p.mobile.screens.BaseScreen - Initialized BaseScreen with Appium driver
2026-05-20 13:50:16 INFO  [Test worker] c.p.mobile.screens.BaseScreen - Initialized BaseScreen with Appium driver
2026-05-20 13:50:16 INFO  [Test worker] c.p.mobile.screens.BaseScreen - Initialized BaseScreen with Appium driver
2026-05-20 13:50:16 INFO  [Test worker] c.p.mobile.screens.BaseScreen - Initialized BaseScreen with Appium driver
2026-05-20 13:50:17 INFO  [Test worker] c.p.m.s.LoginRegistrationScreen - Entering user credentials for:  
2026-05-20 13:50:17 DEBUG [Test worker] c.p.m.s.LoginRegistrationScreen - Waiting for Email field to appear...
2026-05-20 13:50:20 INFO  [Test worker] c.p.m.s.LoginRegistrationScreen - Email entered successfully
2026-05-20 13:50:22 INFO  [Test worker] c.p.m.s.LoginRegistrationScreen - Password entered successfully
2026-05-20 13:50:22 INFO  [Test worker] c.p.m.s.LoginRegistrationScreen - Clicking 'Registration' button
2026-05-20 13:50:22 INFO  [Test worker] c.p.mobile.screens.BaseScreen - Initialized BaseScreen with Appium driver
2026-05-20 13:50:22 INFO  [Test worker] c.p.mobile.screens.ErrorScreen - Validating crash screen text: 'Open app again'
2026-05-20 13:50:22 DEBUG [Test worker] c.p.mobile.screens.BaseScreen - Waiting for text 'Open app again' to appear in element Located by By.chained({AppiumBy.id: android:id/aerr_restart})
2026-05-20 13:50:29 INFO  [Test worker] c.p.tests.mobile.RegistrationTests - Test passed with known bug: app crashes when email contains space
2026-05-20 13:52:38 INFO  [Test worker] com.phonebook.tests.mobile.TestBase - Initializing Appium driver...
2026-05-20 13:52:38 INFO  [Test worker] c.p.mobile.config.AppiumConfig - Connecting to Appium server at: http://127.0.0.1:4723
2026-05-20 13:52:47 INFO  [Test worker] com.phonebook.tests.mobile.TestBase - Driver created. Waiting 2 seconds for SplashActivity to stabilize...
2026-05-20 13:52:50 INFO  [Test worker] c.p.mobile.screens.BaseScreen - Initialized BaseScreen with Appium driver
2026-05-20 13:52:50 INFO  [Test worker] c.p.mobile.screens.BaseScreen - Initialized BaseScreen with Appium driver
2026-05-20 13:52:51 INFO  [Test worker] c.p.mobile.screens.BaseScreen - Initialized BaseScreen with Appium driver
2026-05-20 13:52:51 INFO  [Test worker] c.p.mobile.screens.BaseScreen - Initialized BaseScreen with Appium driver
2026-05-20 13:52:52 INFO  [Test worker] c.p.m.s.LoginRegistrationScreen - Entering user credentials for:  
2026-05-20 13:52:52 DEBUG [Test worker] c.p.m.s.LoginRegistrationScreen - Waiting for Email field to appear...
2026-05-20 13:52:56 INFO  [Test worker] c.p.m.s.LoginRegistrationScreen - Email entered successfully
2026-05-20 13:52:57 INFO  [Test worker] c.p.m.s.LoginRegistrationScreen - Password entered successfully
2026-05-20 13:52:57 INFO  [Test worker] c.p.m.s.LoginRegistrationScreen - Clicking 'Registration' button
2026-05-20 13:52:57 INFO  [Test worker] c.p.mobile.screens.BaseScreen - Initialized BaseScreen with Appium driver
2026-05-20 13:52:57 INFO  [Test worker] c.p.mobile.screens.ErrorScreen - Validating crash screen text: 'Open app again'
2026-05-20 13:52:57 DEBUG [Test worker] c.p.mobile.screens.BaseScreen - Waiting for text 'Open app again' to appear in element Located by By.chained({AppiumBy.id: android:id/aerr_restart})
2026-05-20 13:53:01 INFO  [Test worker] c.p.tests.mobile.RegistrationTests - Test passed with known bug: app crashes when email contains space
2026-05-20 14:09:08 INFO  [Test worker] com.phonebook.tests.mobile.TestBase - Initializing Appium driver...
2026-05-20 14:09:08 INFO  [Test worker] c.p.mobile.config.AppiumConfig - Connecting to Appium server at: http://127.0.0.1:4723
2026-05-20 14:09:17 INFO  [Test worker] com.phonebook.tests.mobile.TestBase - Driver created. Waiting 2 seconds for SplashActivity to stabilize...
2026-05-20 14:09:20 INFO  [Test worker] c.p.mobile.screens.BaseScreen - Initialized BaseScreen with Appium driver
2026-05-20 14:09:20 INFO  [Test worker] c.p.mobile.screens.BaseScreen - Initialized BaseScreen with Appium driver
2026-05-20 14:09:21 INFO  [Test worker] c.p.mobile.screens.BaseScreen - Initialized BaseScreen with Appium driver
2026-05-20 14:09:21 INFO  [Test worker] c.p.mobile.screens.BaseScreen - Initialized BaseScreen with Appium driver
2026-05-20 14:09:22 INFO  [Test worker] c.p.m.s.LoginRegistrationScreen - Entering user credentials for:  
2026-05-20 14:09:22 DEBUG [Test worker] c.p.m.s.LoginRegistrationScreen - Waiting for Email field to appear...
2026-05-20 14:09:26 INFO  [Test worker] c.p.m.s.LoginRegistrationScreen - Email entered successfully
2026-05-20 14:09:27 INFO  [Test worker] c.p.m.s.LoginRegistrationScreen - Password entered successfully
2026-05-20 14:09:27 INFO  [Test worker] c.p.m.s.LoginRegistrationScreen - Clicking 'Registration' button
2026-05-20 14:09:28 INFO  [Test worker] c.p.mobile.screens.BaseScreen - Initialized BaseScreen with Appium driver
2026-05-20 14:09:28 INFO  [Test worker] c.p.mobile.screens.ErrorScreen - Validating crash screen text: 'Open app again'
2026-05-20 14:09:28 DEBUG [Test worker] c.p.mobile.screens.BaseScreen - Waiting for text 'Open app again' to appear in element Located by By.chained({AppiumBy.id: android:id/aerr_restart})
2026-05-20 14:09:30 INFO  [Test worker] c.p.tests.mobile.RegistrationTests - Test passed with known bug: app crashes when email contains space
2026-05-20 14:13:31 INFO  [Test worker] com.phonebook.tests.mobile.TestBase - Initializing Appium driver...
2026-05-20 14:13:31 INFO  [Test worker] c.p.mobile.config.AppiumConfig - Connecting to Appium server at: http://127.0.0.1:4723
2026-05-20 14:13:40 INFO  [Test worker] com.phonebook.tests.mobile.TestBase - Driver created. Waiting 2 seconds for SplashActivity to stabilize...
2026-05-20 14:13:43 INFO  [Test worker] c.p.mobile.screens.BaseScreen - Initialized BaseScreen with Appium driver
2026-05-20 14:13:43 INFO  [Test worker] c.p.mobile.screens.BaseScreen - Initialized BaseScreen with Appium driver
2026-05-20 14:13:43 INFO  [Test worker] c.p.mobile.screens.BaseScreen - Initialized BaseScreen with Appium driver
2026-05-20 14:13:43 INFO  [Test worker] c.p.mobile.screens.BaseScreen - Initialized BaseScreen with Appium driver
2026-05-20 14:13:44 ERROR [Test worker] c.p.core.helpers.CrashHandlerPrtSC - App crash detected! Capturing full desktop screenshot...
2026-05-20 14:13:45 INFO  [Test worker] c.p.core.helpers.CrashHandlerPrtSC - Desktop screenshot saved: C:\Users\lapid\IdeaProjects\PhoneBook2.0\screenshots\test_desktop_screenshot_desktop.png
2026-05-20 14:16:58 INFO  [Test worker] com.phonebook.tests.mobile.TestBase - Initializing Appium driver...
2026-05-20 14:16:58 INFO  [Test worker] c.p.mobile.config.AppiumConfig - Connecting to Appium server at: http://127.0.0.1:4723
2026-05-20 14:17:08 INFO  [Test worker] com.phonebook.tests.mobile.TestBase - Driver created. Waiting 2 seconds for SplashActivity to stabilize...
2026-05-20 14:17:11 INFO  [Test worker] c.p.mobile.screens.BaseScreen - Initialized BaseScreen with Appium driver
2026-05-20 14:17:11 INFO  [Test worker] c.p.mobile.screens.BaseScreen - Initialized BaseScreen with Appium driver
2026-05-20 14:17:12 INFO  [Test worker] c.p.mobile.screens.BaseScreen - Initialized BaseScreen with Appium driver
2026-05-20 14:17:12 INFO  [Test worker] c.p.mobile.screens.BaseScreen - Initialized BaseScreen with Appium driver
2026-05-20 14:17:13 INFO  [Test worker] c.p.m.s.LoginRegistrationScreen - Entering user credentials for:  
2026-05-20 14:17:13 DEBUG [Test worker] c.p.m.s.LoginRegistrationScreen - Waiting for Email field to appear...
2026-05-20 14:17:17 INFO  [Test worker] c.p.m.s.LoginRegistrationScreen - Email entered successfully
2026-05-20 14:17:19 INFO  [Test worker] c.p.m.s.LoginRegistrationScreen - Password entered successfully
2026-05-20 14:17:19 INFO  [Test worker] c.p.m.s.LoginRegistrationScreen - Clicking 'Registration' button
2026-05-20 14:17:19 INFO  [Test worker] c.p.mobile.screens.BaseScreen - Initialized BaseScreen with Appium driver
2026-05-20 14:17:19 INFO  [Test worker] c.p.mobile.screens.ErrorScreen - Validating crash screen text: 'Open app again'
2026-05-20 14:17:19 DEBUG [Test worker] c.p.mobile.screens.BaseScreen - Waiting for text 'Open app again' to appear in element Located by By.chained({AppiumBy.id: android:id/aerr_restart})
2026-05-20 14:17:23 INFO  [Test worker] c.p.tests.mobile.RegistrationTests - Test passed with known bug: app crashes when email contains space
2026-05-20 14:20:56 INFO  [Test worker] com.phonebook.tests.mobile.TestBase - Initializing Appium driver...
2026-05-20 14:20:56 INFO  [Test worker] c.p.mobile.config.AppiumConfig - Connecting to Appium server at: http://127.0.0.1:4723
2026-05-20 14:21:06 INFO  [Test worker] com.phonebook.tests.mobile.TestBase - Driver created. Waiting 2 seconds for SplashActivity to stabilize...
2026-05-20 14:21:09 INFO  [Test worker] c.p.mobile.screens.BaseScreen - Initialized BaseScreen with Appium driver
2026-05-20 14:21:10 INFO  [Test worker] c.p.mobile.screens.BaseScreen - Initialized BaseScreen with Appium driver
2026-05-20 14:21:10 INFO  [Test worker] c.p.mobile.screens.BaseScreen - Initialized BaseScreen with Appium driver
2026-05-20 14:21:10 INFO  [Test worker] c.p.mobile.screens.BaseScreen - Initialized BaseScreen with Appium driver
2026-05-20 14:21:11 INFO  [Test worker] c.p.m.s.LoginRegistrationScreen - Entering user credentials for:  
2026-05-20 14:21:11 DEBUG [Test worker] c.p.m.s.LoginRegistrationScreen - Waiting for Email field to appear...
2026-05-20 14:21:15 INFO  [Test worker] c.p.m.s.LoginRegistrationScreen - Email entered successfully
2026-05-20 14:21:16 INFO  [Test worker] c.p.m.s.LoginRegistrationScreen - Password entered successfully
2026-05-20 14:21:16 INFO  [Test worker] c.p.m.s.LoginRegistrationScreen - Clicking 'Registration' button
2026-05-20 14:21:16 INFO  [Test worker] c.p.mobile.screens.BaseScreen - Initialized BaseScreen with Appium driver
2026-05-20 14:21:16 INFO  [Test worker] c.p.mobile.screens.ErrorScreen - Validating crash screen text: 'Open app again'
2026-05-20 14:21:16 DEBUG [Test worker] c.p.mobile.screens.BaseScreen - Waiting for text 'Open app again' to appear in element Located by By.chained({AppiumBy.id: android:id/aerr_restart})
2026-05-20 14:21:21 INFO  [Test worker] c.p.tests.mobile.RegistrationTests - Test passed with known bug: app crashes when email contains space
2026-05-20 14:26:32 INFO  [Test worker] com.phonebook.tests.mobile.TestBase - Initializing Appium driver...
2026-05-20 14:26:32 INFO  [Test worker] c.p.mobile.config.AppiumConfig - Connecting to Appium server at: http://127.0.0.1:4723
2026-05-20 14:26:42 INFO  [Test worker] com.phonebook.tests.mobile.TestBase - Driver created. Waiting 2 seconds for SplashActivity to stabilize...
2026-05-20 14:26:45 INFO  [Test worker] c.p.mobile.screens.BaseScreen - Initialized BaseScreen with Appium driver
2026-05-20 14:26:45 INFO  [Test worker] c.p.mobile.screens.BaseScreen - Initialized BaseScreen with Appium driver
2026-05-20 14:26:45 INFO  [Test worker] c.p.mobile.screens.BaseScreen - Initialized BaseScreen with Appium driver
2026-05-20 14:26:45 INFO  [Test worker] c.p.mobile.screens.BaseScreen - Initialized BaseScreen with Appium driver
2026-05-20 14:26:46 INFO  [Test worker] c.p.m.s.LoginRegistrationScreen - Entering user credentials for:  
2026-05-20 14:26:46 DEBUG [Test worker] c.p.m.s.LoginRegistrationScreen - Waiting for Email field to appear...
2026-05-20 14:26:50 INFO  [Test worker] c.p.m.s.LoginRegistrationScreen - Email entered successfully
2026-05-20 14:26:51 INFO  [Test worker] c.p.m.s.LoginRegistrationScreen - Password entered successfully
2026-05-20 14:26:51 INFO  [Test worker] c.p.m.s.LoginRegistrationScreen - Clicking 'Registration' button
2026-05-20 14:26:52 INFO  [Test worker] c.p.mobile.screens.BaseScreen - Initialized BaseScreen with Appium driver
2026-05-20 14:26:52 INFO  [Test worker] c.p.mobile.screens.ErrorScreen - Validating crash screen text: 'Open app again'
2026-05-20 14:26:52 DEBUG [Test worker] c.p.mobile.screens.BaseScreen - Waiting for text 'Open app again' to appear in element Located by By.chained({AppiumBy.id: android:id/aerr_restart})
2026-05-20 14:26:58 INFO  [Test worker] c.p.tests.mobile.RegistrationTests - Test passed with known bug: app crashes when email contains space
2026-05-20 14:27:23 INFO  [Test worker] com.phonebook.tests.mobile.TestBase - Initializing Appium driver...
2026-05-20 14:27:23 INFO  [Test worker] c.p.mobile.config.AppiumConfig - Connecting to Appium server at: http://127.0.0.1:4723
2026-05-20 14:27:31 INFO  [Test worker] com.phonebook.tests.mobile.TestBase - Driver created. Waiting 2 seconds for SplashActivity to stabilize...
2026-05-20 14:27:34 INFO  [Test worker] c.p.mobile.screens.BaseScreen - Initialized BaseScreen with Appium driver
2026-05-20 14:27:35 INFO  [Test worker] c.p.mobile.screens.BaseScreen - Initialized BaseScreen with Appium driver
2026-05-20 14:27:35 INFO  [Test worker] c.p.mobile.screens.BaseScreen - Initialized BaseScreen with Appium driver
2026-05-20 14:27:35 INFO  [Test worker] c.p.mobile.screens.BaseScreen - Initialized BaseScreen with Appium driver
2026-05-20 14:27:35 ERROR [Test worker] c.p.core.helpers.CrashHandlerPrtSC - App crash detected! Capturing full desktop screenshot...
2026-05-20 14:27:36 INFO  [Test worker] c.p.core.helpers.CrashHandlerPrtSC - Desktop screenshot saved: C:\Users\lapid\IdeaProjects\PhoneBook2.0\screenshots\test_desktop_screenshot_desktop.png
2026-05-20 14:32:15 INFO  [Test worker] com.phonebook.tests.mobile.TestBase - Initializing Appium driver...
2026-05-20 14:32:15 INFO  [Test worker] c.p.mobile.config.AppiumConfig - Connecting to Appium server at: http://127.0.0.1:4723
2026-05-20 14:32:23 INFO  [Test worker] com.phonebook.tests.mobile.TestBase - Driver created. Waiting 2 seconds for SplashActivity to stabilize...
2026-05-20 14:32:27 INFO  [Test worker] c.p.mobile.screens.BaseScreen - Initialized BaseScreen with Appium driver
2026-05-20 14:32:27 INFO  [Test worker] c.p.mobile.screens.BaseScreen - Initialized BaseScreen with Appium driver
2026-05-20 14:32:27 INFO  [Test worker] c.p.mobile.screens.BaseScreen - Initialized BaseScreen with Appium driver
2026-05-20 14:32:27 INFO  [Test worker] c.p.mobile.screens.BaseScreen - Initialized BaseScreen with Appium driver
2026-05-20 14:32:28 INFO  [Test worker] c.p.m.s.LoginRegistrationScreen - Entering user credentials for:  
2026-05-20 14:32:28 DEBUG [Test worker] c.p.m.s.LoginRegistrationScreen - Waiting for Email field to appear...
2026-05-20 14:32:32 INFO  [Test worker] c.p.m.s.LoginRegistrationScreen - Email entered successfully
2026-05-20 14:32:33 INFO  [Test worker] c.p.m.s.LoginRegistrationScreen - Password entered successfully
2026-05-20 14:32:33 INFO  [Test worker] c.p.m.s.LoginRegistrationScreen - Clicking 'Registration' button
2026-05-20 14:32:34 INFO  [Test worker] c.p.mobile.screens.BaseScreen - Initialized BaseScreen with Appium driver
2026-05-20 14:32:34 INFO  [Test worker] c.p.mobile.screens.ErrorScreen - Validating crash screen text: 'Open app again'
2026-05-20 14:32:34 DEBUG [Test worker] c.p.mobile.screens.BaseScreen - Waiting for text 'Open app again' to appear in element Located by By.chained({AppiumBy.id: android:id/aerr_restart})
2026-05-20 14:32:41 INFO  [Test worker] c.p.tests.mobile.RegistrationTests - Test passed with known bug: app crashes when email contains space
2026-05-20 14:35:54 INFO  [Test worker] com.phonebook.tests.mobile.TestBase - Initializing Appium driver...
2026-05-20 14:35:55 INFO  [Test worker] c.p.mobile.config.AppiumConfig - Connecting to Appium server at: http://127.0.0.1:4723
2026-05-20 14:36:05 INFO  [Test worker] com.phonebook.tests.mobile.TestBase - Driver created. Waiting 2 seconds for SplashActivity to stabilize...
2026-05-20 14:36:10 INFO  [Test worker] c.p.mobile.screens.BaseScreen - Initialized BaseScreen with Appium driver
2026-05-20 14:36:10 INFO  [Test worker] c.p.mobile.screens.BaseScreen - Initialized BaseScreen with Appium driver
2026-05-20 14:36:11 INFO  [Test worker] c.p.mobile.screens.BaseScreen - Initialized BaseScreen with Appium driver
2026-05-20 14:36:11 INFO  [Test worker] c.p.mobile.screens.BaseScreen - Initialized BaseScreen with Appium driver
2026-05-20 14:36:14 INFO  [Test worker] c.p.m.s.LoginRegistrationScreen - Entering user credentials for:  
2026-05-20 14:36:14 DEBUG [Test worker] c.p.m.s.LoginRegistrationScreen - Waiting for Email field to appear...
2026-05-20 14:36:17 INFO  [Test worker] c.p.m.s.LoginRegistrationScreen - Email entered successfully
2026-05-20 14:36:18 INFO  [Test worker] c.p.m.s.LoginRegistrationScreen - Password entered successfully
2026-05-20 14:36:18 INFO  [Test worker] c.p.m.s.LoginRegistrationScreen - Clicking 'Registration' button
2026-05-20 14:36:19 INFO  [Test worker] c.p.mobile.screens.BaseScreen - Initialized BaseScreen with Appium driver
2026-05-20 14:36:19 INFO  [Test worker] c.p.mobile.screens.ErrorScreen - Validating crash screen text: 'Open app again'
2026-05-20 14:36:19 DEBUG [Test worker] c.p.mobile.screens.BaseScreen - Waiting for text 'Open app again' to appear in element Located by By.chained({AppiumBy.id: android:id/aerr_restart})
2026-05-20 14:36:22 ERROR [Test worker] c.p.core.helpers.CrashHandlerPrtSC - App crash detected! Capturing full desktop screenshot...
2026-05-20 14:36:25 INFO  [Test worker] c.p.core.helpers.CrashHandlerPrtSC - Desktop screenshot saved: C:\Users\lapid\IdeaProjects\PhoneBook2.0\screenshots\bug_invalid_email_space_desktop.png
2026-05-20 14:36:25 INFO  [Test worker] c.p.tests.mobile.RegistrationTests - Test passed with known bug: app crashes when email contains space
2026-05-20 15:11:00 INFO  [Test worker] com.phonebook.tests.mobile.TestBase - Initializing Appium driver...
2026-05-20 15:11:00 INFO  [Test worker] c.p.mobile.config.AppiumConfig - Connecting to Appium server at: http://127.0.0.1:4723
2026-05-20 15:11:08 INFO  [Test worker] com.phonebook.tests.mobile.TestBase - Driver created. Waiting 2 seconds for SplashActivity to stabilize...
2026-05-20 15:11:11 INFO  [Test worker] c.p.mobile.screens.BaseScreen - Initialized BaseScreen with Appium driver
2026-05-20 15:11:11 INFO  [Test worker] c.p.mobile.screens.BaseScreen - Initialized BaseScreen with Appium driver
2026-05-20 15:11:11 INFO  [Test worker] c.p.tests.mobile.SplashScreenTests - Starting test: splashScreenPositiveTest
2026-05-20 15:11:11 INFO  [Test worker] c.p.mobile.screens.BaseScreen - Initialized BaseScreen with Appium driver
2026-05-20 15:11:11 INFO  [Test worker] c.p.mobile.screens.SplashScreen - Validating app version text: 'Version 1.0.0'
2026-05-20 15:11:11 DEBUG [Test worker] c.p.mobile.screens.BaseScreen - Waiting for text 'Version 1.0.0' to appear in element Located by By.chained({By.xpath: //*[contains(@text, '1.0.0')]})
2026-05-20 15:11:12 INFO  [Test worker] c.p.tests.mobile.SplashScreenTests - Version text displayed correctly: true
2026-05-20 15:11:12 INFO  [Test worker] c.p.tests.mobile.SplashScreenTests - Test completed successfully
2026-05-20 15:12:13 INFO  [Test worker] com.phonebook.tests.mobile.TestBase - Initializing Appium driver...
2026-05-20 15:12:13 INFO  [Test worker] c.p.mobile.config.AppiumConfig - Connecting to Appium server at: http://127.0.0.1:4723
2026-05-20 15:12:20 INFO  [Test worker] com.phonebook.tests.mobile.TestBase - Driver created. Waiting 2 seconds for SplashActivity to stabilize...
2026-05-20 15:12:23 INFO  [Test worker] c.p.mobile.screens.BaseScreen - Initialized BaseScreen with Appium driver
2026-05-20 15:12:23 INFO  [Test worker] c.p.mobile.screens.BaseScreen - Initialized BaseScreen with Appium driver
2026-05-20 15:12:23 INFO  [Test worker] c.p.tests.mobile.UpdateContactTests - Authenticating user via API...
2026-05-20 15:12:28 INFO  [Test worker] c.p.tests.mobile.UpdateContactTests - API response: HTTP/1.1 200 OK
2026-05-20 15:12:28 INFO  [Test worker] c.p.mobile.screens.BaseScreen - Initialized BaseScreen with Appium driver
2026-05-20 15:12:28 INFO  [Test worker] c.p.m.s.LoginRegistrationScreen - Entering user credentials for: fuf@fuf.fuf
2026-05-20 15:12:28 DEBUG [Test worker] c.p.m.s.LoginRegistrationScreen - Waiting for Email field to appear...
2026-05-20 15:12:31 INFO  [Test worker] c.p.m.s.LoginRegistrationScreen - Email entered successfully
2026-05-20 15:12:33 INFO  [Test worker] c.p.m.s.LoginRegistrationScreen - Password entered successfully
2026-05-20 15:12:33 INFO  [Test worker] c.p.m.s.LoginRegistrationScreen - Clicking 'Login' button
2026-05-20 15:12:33 INFO  [Test worker] c.p.mobile.screens.BaseScreen - Initialized BaseScreen with Appium driver
2026-05-20 15:12:33 INFO  [Test worker] c.p.mobile.screens.BaseScreen - Initialized BaseScreen with Appium driver
2026-05-20 15:12:33 INFO  [Test worker] c.p.tests.mobile.UpdateContactTests - Starting test: updateContactPositiveTest
2026-05-20 15:12:35 INFO  [Test worker] c.p.tests.mobile.UpdateContactTests - Old contact name: Sallie
2026-05-20 15:12:36 INFO  [Test worker] c.p.mobile.helpers.SwipeUtils - Performing update swipe inside element [[AppiumDriver:  on ANDROID (f93db9f8-170c-465a-a1e7-e23fe5327d6e)] -> id: com.sheygam.contactapp:id/rowContainer]
2026-05-20 15:12:37 INFO  [Test worker] c.p.mobile.screens.BaseScreen - Initialized BaseScreen with Appium driver
2026-05-20 15:12:37 INFO  [Test worker] c.p.m.screens.UpdateContactScreen - Clearing contact name field
2026-05-20 15:28:20 INFO  [Test worker] com.phonebook.tests.mobile.TestBase - Initializing Appium driver...
2026-05-20 15:28:20 INFO  [Test worker] c.p.mobile.config.AppiumConfig - Connecting to Appium server at: http://127.0.0.1:4723
2026-05-20 15:28:27 INFO  [Test worker] com.phonebook.tests.mobile.TestBase - Driver created. Waiting 2 seconds for SplashActivity to stabilize...
2026-05-20 15:28:30 INFO  [Test worker] c.p.mobile.screens.BaseScreen - Initialized BaseScreen with Appium driver
2026-05-20 15:28:31 INFO  [Test worker] c.p.mobile.screens.BaseScreen - Initialized BaseScreen with Appium driver
2026-05-20 15:28:31 INFO  [Test worker] c.p.tests.mobile.UpdateContactTests - Authenticating user via API...
2026-05-20 15:28:36 INFO  [Test worker] c.p.tests.mobile.UpdateContactTests - API response: HTTP/1.1 200 OK
2026-05-20 15:28:36 INFO  [Test worker] c.p.mobile.screens.BaseScreen - Initialized BaseScreen with Appium driver
2026-05-20 15:28:36 INFO  [Test worker] c.p.m.s.LoginRegistrationScreen - Entering user credentials for: fuf@fuf.fuf
2026-05-20 15:28:36 DEBUG [Test worker] c.p.m.s.LoginRegistrationScreen - Waiting for Email field to appear...
2026-05-20 15:28:39 INFO  [Test worker] c.p.m.s.LoginRegistrationScreen - Email entered successfully
2026-05-20 15:28:40 INFO  [Test worker] c.p.m.s.LoginRegistrationScreen - Password entered successfully
2026-05-20 15:28:40 INFO  [Test worker] c.p.m.s.LoginRegistrationScreen - Clicking 'Login' button
2026-05-20 15:28:41 INFO  [Test worker] c.p.mobile.screens.BaseScreen - Initialized BaseScreen with Appium driver
2026-05-20 15:28:41 INFO  [Test worker] c.p.mobile.screens.BaseScreen - Initialized BaseScreen with Appium driver
2026-05-20 15:28:41 INFO  [Test worker] c.p.tests.mobile.UpdateContactTests - Starting test: updateContactPositiveTest
2026-05-20 15:28:43 INFO  [Test worker] c.p.mobile.screens.ContactListScreen - Getting contact name at index 0
2026-05-20 21:05:32 INFO  [Test worker] com.phonebook.tests.mobile.TestBase - Initializing Appium driver...
2026-05-20 21:05:32 INFO  [Test worker] c.p.mobile.config.AppiumConfig - Connecting to Appium server at: http://127.0.0.1:4723
2026-05-20 21:06:05 INFO  [Test worker] com.phonebook.tests.mobile.TestBase - Driver created. Waiting 2 seconds for SplashActivity to stabilize...
2026-05-20 21:06:11 INFO  [Test worker] c.p.mobile.screens.BaseScreen - Initialized BaseScreen with Appium driver
2026-05-20 21:06:12 INFO  [Test worker] c.p.mobile.screens.BaseScreen - Initialized BaseScreen with Appium driver
2026-05-20 21:06:12 INFO  [Test worker] c.p.tests.mobile.UpdateContactTests - Authenticating user via API...
2026-05-20 21:06:25 INFO  [Test worker] c.p.tests.mobile.UpdateContactTests - API response: HTTP/1.1 200 OK
2026-05-20 21:06:25 INFO  [Test worker] c.p.mobile.screens.BaseScreen - Initialized BaseScreen with Appium driver
2026-05-20 21:06:25 INFO  [Test worker] c.p.m.s.LoginRegistrationScreen - Entering user credentials for: fuf@fuf.fuf
2026-05-20 21:06:25 DEBUG [Test worker] c.p.m.s.LoginRegistrationScreen - Waiting for Email field to appear...
2026-05-20 21:06:29 INFO  [Test worker] c.p.m.s.LoginRegistrationScreen - Email entered successfully
2026-05-20 21:06:30 INFO  [Test worker] c.p.m.s.LoginRegistrationScreen - Password entered successfully
2026-05-20 21:06:30 INFO  [Test worker] c.p.m.s.LoginRegistrationScreen - Clicking 'Login' button
2026-05-20 21:06:31 INFO  [Test worker] c.p.mobile.screens.BaseScreen - Initialized BaseScreen with Appium driver
2026-05-20 21:06:31 INFO  [Test worker] c.p.mobile.screens.BaseScreen - Initialized BaseScreen with Appium driver
2026-05-20 21:06:31 INFO  [Test worker] c.p.tests.mobile.UpdateContactTests - Starting test: updateContactPositiveTest
2026-05-20 21:06:36 INFO  [Test worker] c.p.mobile.screens.ContactListScreen - Getting contact name at index 0
2026-05-20 21:09:06 INFO  [Test worker] com.phonebook.tests.mobile.TestBase - Initializing Appium driver...
2026-05-20 21:09:06 INFO  [Test worker] c.p.mobile.config.AppiumConfig - Connecting to Appium server at: http://127.0.0.1:4723
2026-05-20 21:09:15 INFO  [Test worker] com.phonebook.tests.mobile.TestBase - Driver created. Waiting 2 seconds for SplashActivity to stabilize...
2026-05-20 21:09:19 INFO  [Test worker] c.p.mobile.screens.BaseScreen - Initialized BaseScreen with Appium driver
2026-05-20 21:09:19 INFO  [Test worker] c.p.mobile.screens.BaseScreen - Initialized BaseScreen with Appium driver
2026-05-20 21:09:19 INFO  [Test worker] c.p.tests.mobile.UpdateContactTests - Logging in via mobile UI...
2026-05-20 21:09:19 INFO  [Test worker] c.p.mobile.screens.BaseScreen - Initialized BaseScreen with Appium driver
2026-05-20 21:09:19 INFO  [Test worker] c.p.m.s.LoginRegistrationScreen - Entering user credentials for: fuf@fuf.fuf
2026-05-20 21:09:19 DEBUG [Test worker] c.p.m.s.LoginRegistrationScreen - Waiting for Email field to appear...
2026-05-20 21:09:24 INFO  [Test worker] c.p.m.s.LoginRegistrationScreen - Email entered successfully
2026-05-20 21:09:25 INFO  [Test worker] c.p.m.s.LoginRegistrationScreen - Password entered successfully
2026-05-20 21:09:25 INFO  [Test worker] c.p.m.s.LoginRegistrationScreen - Clicking 'Login' button
2026-05-20 21:09:26 INFO  [Test worker] c.p.mobile.screens.BaseScreen - Initialized BaseScreen with Appium driver
2026-05-20 21:09:26 INFO  [Test worker] c.p.mobile.screens.BaseScreen - Initialized BaseScreen with Appium driver
2026-05-20 21:09:26 INFO  [Test worker] c.p.tests.mobile.UpdateContactTests - Starting test: updateContactPositiveTest
2026-05-20 21:09:29 INFO  [Test worker] c.p.mobile.screens.ContactListScreen - Getting contact name at index 0
2026-05-20 21:25:00 INFO  [Test worker] com.phonebook.tests.mobile.TestBase - Initializing Appium driver...
2026-05-20 21:25:00 INFO  [Test worker] c.p.mobile.config.AppiumConfig - Connecting to Appium server at: http://127.0.0.1:4723
2026-05-20 21:25:13 INFO  [Test worker] com.phonebook.tests.mobile.TestBase - Driver created. Waiting 2 seconds for SplashActivity to stabilize...
2026-05-20 21:25:19 INFO  [Test worker] c.p.mobile.screens.BaseScreen - Initialized BaseScreen with Appium driver
2026-05-20 21:25:19 INFO  [Test worker] c.p.mobile.screens.BaseScreen - Initialized BaseScreen with Appium driver
2026-05-20 21:25:20 INFO  [Test worker] c.p.tests.mobile.UpdateContactTests - Logging in via mobile UI...
2026-05-20 21:25:20 INFO  [Test worker] c.p.mobile.screens.BaseScreen - Initialized BaseScreen with Appium driver
2026-05-20 21:25:20 INFO  [Test worker] c.p.m.s.LoginRegistrationScreen - Entering user credentials for: fuf@fuf.fuf
2026-05-20 21:25:20 DEBUG [Test worker] c.p.m.s.LoginRegistrationScreen - Waiting for Email field to appear...
2026-05-20 21:25:24 INFO  [Test worker] c.p.m.s.LoginRegistrationScreen - Email entered successfully
2026-05-20 21:25:25 INFO  [Test worker] c.p.m.s.LoginRegistrationScreen - Password entered successfully
2026-05-20 21:25:25 INFO  [Test worker] c.p.m.s.LoginRegistrationScreen - Clicking 'Login' button
2026-05-20 21:25:26 INFO  [Test worker] c.p.mobile.screens.BaseScreen - Initialized BaseScreen with Appium driver
2026-05-20 21:25:26 INFO  [Test worker] c.p.mobile.screens.BaseScreen - Initialized BaseScreen with Appium driver
2026-05-20 21:25:26 INFO  [Test worker] c.p.tests.mobile.UpdateContactTests - Starting test: updateContactPositiveTest
2026-05-20 21:25:29 INFO  [Test worker] c.p.mobile.screens.ContactListScreen - Getting contact name at index 0
2026-05-20 21:25:29 INFO  [Test worker] c.p.tests.mobile.UpdateContactTests - Old contact name: Sallie O'Kon
2026-05-20 21:25:30 INFO  [Test worker] c.p.mobile.helpers.SwipeUtils - Performing update swipe inside element [[AppiumDriver:  on ANDROID (d94e3248-a262-4561-a95a-d2983a972822)] -> id: com.sheygam.contactapp:id/rowContainer]
2026-05-20 21:25:31 INFO  [Test worker] c.p.mobile.screens.BaseScreen - Initialized BaseScreen with Appium driver
2026-05-20 21:25:31 INFO  [Test worker] c.p.m.screens.UpdateContactScreen - Clearing contact name field
2026-05-20 21:25:32 INFO  [Test worker] c.p.m.screens.UpdateContactScreen - Typing new contact name: UpdatedName_1779301531158
2026-05-20 21:25:34 INFO  [Test worker] c.p.m.screens.UpdateContactScreen - Clicking 'Update' button to save contact changes
2026-05-20 21:25:34 INFO  [Test worker] c.p.mobile.screens.ContactListScreen - Getting contact name at index 0
2026-05-20 21:25:37 INFO  [Test worker] c.p.tests.mobile.UpdateContactTests - Updated contact name: UpdatedName_1779301531158 O'Kon
2026-05-20 21:35:54 INFO  [Test worker] com.phonebook.tests.mobile.TestBase - Initializing Appium driver...
2026-05-20 21:35:54 INFO  [Test worker] c.p.mobile.config.AppiumConfig - Connecting to Appium server at: http://127.0.0.1:4723
2026-05-20 21:36:06 INFO  [Test worker] com.phonebook.tests.mobile.TestBase - Driver created. Waiting 2 seconds for SplashActivity to stabilize...
2026-05-20 21:36:12 INFO  [Test worker] c.p.mobile.screens.BaseScreen - Initialized BaseScreen with Appium driver
2026-05-20 21:36:12 INFO  [Test worker] c.p.mobile.screens.BaseScreen - Initialized BaseScreen with Appium driver
2026-05-20 21:36:13 INFO  [Test worker] c.p.tests.mobile.UpdateContactTests - Logging in via mobile UI...
2026-05-20 21:36:13 INFO  [Test worker] c.p.mobile.screens.BaseScreen - Initialized BaseScreen with Appium driver
2026-05-20 21:36:13 INFO  [Test worker] c.p.m.s.LoginRegistrationScreen - Entering user credentials for: fuf@fuf.fuf
2026-05-20 21:36:13 DEBUG [Test worker] c.p.m.s.LoginRegistrationScreen - Waiting for Email field to appear...
2026-05-20 21:36:17 INFO  [Test worker] c.p.m.s.LoginRegistrationScreen - Email entered successfully
2026-05-20 21:36:18 INFO  [Test worker] c.p.m.s.LoginRegistrationScreen - Password entered successfully
2026-05-20 21:36:18 INFO  [Test worker] c.p.m.s.LoginRegistrationScreen - Clicking 'Login' button
2026-05-20 21:36:19 INFO  [Test worker] c.p.mobile.screens.BaseScreen - Initialized BaseScreen with Appium driver
2026-05-20 21:36:19 INFO  [Test worker] c.p.mobile.screens.BaseScreen - Initialized BaseScreen with Appium driver
2026-05-20 21:36:19 INFO  [Test worker] c.p.tests.mobile.UpdateContactTests - Starting test: updateContactPositiveTest
2026-05-20 21:36:22 INFO  [Test worker] c.p.mobile.screens.ContactListScreen - Getting contact name at index 0
2026-05-20 21:36:22 INFO  [Test worker] c.p.tests.mobile.UpdateContactTests - Old contact name: UpdatedName_1779301531158 O'Kon
2026-05-20 21:36:23 INFO  [Test worker] c.p.mobile.helpers.SwipeUtils - Performing update swipe inside element [[AppiumDriver:  on ANDROID (2a6b4352-f2e0-4f0e-822a-4794bb4c26ae)] -> id: com.sheygam.contactapp:id/rowContainer]
2026-05-20 21:36:24 INFO  [Test worker] c.p.mobile.screens.BaseScreen - Initialized BaseScreen with Appium driver
2026-05-20 21:36:24 INFO  [Test worker] c.p.m.screens.UpdateContactScreen - Clearing contact name field
2026-05-20 21:40:21 INFO  [Test worker] com.phonebook.tests.mobile.TestBase - Initializing Appium driver...
2026-05-20 21:40:21 INFO  [Test worker] c.p.mobile.config.AppiumConfig - Connecting to Appium server at: http://127.0.0.1:4723
2026-05-20 21:40:34 INFO  [Test worker] com.phonebook.tests.mobile.TestBase - Driver created. Waiting 2 seconds for SplashActivity to stabilize...
2026-05-20 21:40:39 INFO  [Test worker] c.p.mobile.screens.BaseScreen - Initialized BaseScreen with Appium driver
2026-05-20 21:40:40 INFO  [Test worker] c.p.mobile.screens.BaseScreen - Initialized BaseScreen with Appium driver
2026-05-20 21:40:40 INFO  [Test worker] c.p.tests.mobile.UpdateContactTests - Logging in via mobile UI...
2026-05-20 21:40:41 INFO  [Test worker] c.p.mobile.screens.BaseScreen - Initialized BaseScreen with Appium driver
2026-05-20 21:40:41 INFO  [Test worker] c.p.m.s.LoginRegistrationScreen - Entering user credentials for: fuf@fuf.fuf
2026-05-20 21:40:41 DEBUG [Test worker] c.p.m.s.LoginRegistrationScreen - Waiting for Email field to appear...
2026-05-20 21:40:44 INFO  [Test worker] c.p.m.s.LoginRegistrationScreen - Email entered successfully
2026-05-20 21:40:46 INFO  [Test worker] c.p.m.s.LoginRegistrationScreen - Password entered successfully
2026-05-20 21:40:46 INFO  [Test worker] c.p.m.s.LoginRegistrationScreen - Clicking 'Login' button
2026-05-20 21:40:46 INFO  [Test worker] c.p.mobile.screens.BaseScreen - Initialized BaseScreen with Appium driver
2026-05-20 21:40:46 INFO  [Test worker] c.p.mobile.screens.BaseScreen - Initialized BaseScreen with Appium driver
2026-05-20 21:40:47 INFO  [Test worker] c.p.tests.mobile.UpdateContactTests - Starting test: updateContactPositiveTest
2026-05-20 21:40:49 INFO  [Test worker] c.p.mobile.screens.ContactListScreen - Getting contact name at index 0
2026-05-20 21:40:50 INFO  [Test worker] c.p.tests.mobile.UpdateContactTests - Old contact name: UpdatedName_1779301531158 O'Kon
2026-05-20 21:40:50 INFO  [Test worker] c.p.mobile.helpers.SwipeUtils - Performing update swipe inside element [[AppiumDriver:  on ANDROID (a6abeafb-2e68-4eb7-874a-c11526b108f6)] -> id: com.sheygam.contactapp:id/rowContainer]
2026-05-20 21:40:51 INFO  [Test worker] c.p.mobile.screens.BaseScreen - Initialized BaseScreen with Appium driver
2026-05-20 21:40:51 INFO  [Test worker] c.p.m.screens.UpdateContactScreen - Clearing contact name field
2026-05-20 21:40:53 INFO  [Test worker] c.p.m.screens.UpdateContactScreen - Typing new contact name: UpdatedName_1779302451733
2026-05-20 21:40:54 INFO  [Test worker] c.p.m.screens.UpdateContactScreen - Clicking 'Update' button to save contact changes
2026-05-20 21:40:55 INFO  [Test worker] c.p.mobile.screens.ContactListScreen - Getting contact name at index 0
2026-05-20 21:40:57 INFO  [Test worker] c.p.tests.mobile.UpdateContactTests - Updated contact name: UpdatedName_1779302451733 O'Kon
2026-05-20 21:40:57 INFO  [Test worker] c.p.tests.mobile.UpdateContactTests - Test completed successfully
